paper_figure,paper_workload,repo_usecase,rdt_kind,transport,commit,slurm_job_id,fixed_node_set,registry_node,replica_nodes,replicas,operations,write_percentage,failure_scenario,failed_node,failure_injection,surviving_replicas,response_time_avg_us,throughput_min_ops_per_us,throughput_min_ops_per_s,response_node1_us,response_node2_us,response_node3_us,response_node4_us,response_node5_us,response_node6_us,response_node7_us,response_node8_us,throughput_node1_ops_per_us,throughput_node2_ops_per_us,throughput_node3_ops_per_us,throughput_node4_ops_per_us,throughput_node5_ops_per_us,throughput_node6_ops_per_us,throughput_node7_ops_per_us,throughput_node8_ops_per_us,issued_operations_total,workload_digest,state_digest,measurement_runs,status
9,Counter,counter,CRDT,InfiniBand,293fd3d581527e0a95adf7ae535ffd82284f654d,2024524,ac029;ac046;ac057;ac067;ac088;ac090;ac093;ac105;ac108,ac029,ac046;ac057;ac067,3,4000000,0,none,0,,3,0.069429000,40.180400000,40180400.000,0.064596000,0.074634000,0.069057000,,,,,,46.431200000,40.180400000,43.430600000,,,,,,4000000,722bc0fc54747edb094bdf9f8904b13ed03d4a6ba26b6e57f92f4d5729062ae3,16294208416658607535,combined,valid
9,Counter,counter,CRDT,InfiniBand,293fd3d581527e0a95adf7ae535ffd82284f654d,2024524,ac029;ac046;ac057;ac067;ac088;ac090;ac093;ac105;ac108,ac029,ac046;ac057;ac067,3,4000000,15,none,0,,3,0.191516667,14.233600000,14233600.000,0.194923000,0.169167000,0.210460000,,,,,,14.233600000,14.234200000,14.253100000,,,,,,4000000,e06e2471ea2d7e6c8a4190c1aef48eb080447b05ff6b69f715b150e21946af64,2366934273933659296,combined,valid
9,Counter,counter,CRDT,InfiniBand,293fd3d581527e0a95adf7ae535ffd82284f654d,2024524,ac029;ac046;ac057;ac067;ac088;ac090;ac093;ac105;ac108,ac029,ac046;ac057;ac067,3,4000000,20,none,0,,3,0.229113667,11.982300000,11982300.000,0.239199000,0.198201000,0.249941000,,,,,,11.990300000,11.982300000,12.001800000,,,,,,4000000,b4681d1d495a054e6b11288627c8743768d7495efe3270f93f75229815e20c30,5808612434071250250,combined,valid
9,Counter,counter,CRDT,InfiniBand,293fd3d581527e0a95adf7ae535ffd82284f654d,2024524,ac029;ac046;ac057;ac067;ac088;ac090;ac093;ac105;ac108,ac029,ac046;ac057;ac067,3,4000000,25,none,0,,3,0.274228000,9.799090000,9799090.000,0.292066000,0.224804000,0.305814000,,,,,,9.800580000,9.799090000,9.809040000,,,,,,4000000,f3eb7906d895bc81f2f9d8e3f74ab928c0c39989d2ba77847f99782a5fa7aca3,1692353366116290214,combined,valid
9,Counter,counter,CRDT,InfiniBand,293fd3d581527e0a95adf7ae535ffd82284f654d,2024524,ac029;ac046;ac057;ac067;ac088;ac090;ac093;ac105;ac108,ac029,ac046;ac057;ac067;ac088,4,4000000,0,none,0,,4,0.069957250,53.602100000,53602100.000,0.065100000,0.074587000,0.072550000,0.067592000,,,,,61.418500000,53.602100000,55.114600000,59.159300000,,,,,4000000,fff091b920201f9e5bc1c52548ae82e535ed0a621a88e366756018d192c5d918,16294208416658607535,combined,valid
9,Counter,counter,CRDT,InfiniBand,293fd3d581527e0a95adf7ae535ffd82284f654d,2024524,ac029;ac046;ac057;ac067;ac088;ac090;ac093;ac105;ac108,ac029,ac046;ac057;ac067;ac088,4,4000000,15,none,0,,4,0.220352500,15.937700000,15937700.000,0.246729000,0.200846000,0.250476000,0.183359000,,,,,15.937700000,15.943200000,15.967900000,15.943300000,,,,,4000000,0d93fa2b594a9d2774ef595419f0f80e9367d2a8c5cfe7fed083d1dbea34a7b5,2366934273933659296,combined,valid
9,Counter,counter,CRDT,InfiniBand,293fd3d581527e0a95adf7ae535ffd82284f654d,2024524,ac029;ac046;ac057;ac067;ac088;ac090;ac093;ac105;ac108,ac029,ac046;ac057;ac067;ac088,4,4000000,20,none,0,,4,0.270577250,13.053600000,13053600.000,0.306321000,0.247364000,0.304536000,0.224088000,,,,,13.057100000,13.053600000,13.072000000,13.060100000,,,,,4000000,12e3d4705912de1489ce2ea36a832040a0699f3a10294fc185ab9139776fdbaf,5808612434071250250,combined,valid
9,Counter,counter,CRDT,InfiniBand,293fd3d581527e0a95adf7ae535ffd82284f654d,2024524,ac029;ac046;ac057;ac067;ac088;ac090;ac093;ac105;ac108,ac029,ac046;ac057;ac067;ac088,4,4000000,25,none,0,,4,0.321901750,11.117100000,11117100.000,0.359757000,0.307967000,0.359044000,0.260839000,,,,,11.117900000,11.119500000,11.117100000,11.132400000,,,,,4000000,00ecb9136b487f0166c56b3504628ef712ef13634a1553175b4ee267b0344a90,1692353366116290214,combined,valid
9,Counter,counter,CRDT,InfiniBand,293fd3d581527e0a95adf7ae535ffd82284f654d,2024524,ac029;ac046;ac057;ac067;ac088;ac090;ac093;ac105;ac108,ac029,ac046;ac057;ac067;ac088;ac090,5,4000000,0,none,0,,5,0.069331240,66.583400000,66583400.000,0.065223700,0.073323700,0.071228700,0.075066300,0.061813800,,,,76.615100000,68.160500000,70.163100000,66.583400000,80.845600000,,,,4000000,7f7f0feb1262ea4367d38992ce2d4a6c253da786fc325f50722a0be9867b7d3f,16294208416658607535,combined,valid
9,Counter,counter,CRDT,InfiniBand,293fd3d581527e0a95adf7ae535ffd82284f654d,2024524,ac029;ac046;ac057;ac067;ac088;ac090;ac093;ac105;ac108,ac029,ac046;ac057;ac067;ac088;ac090,5,4000000,15,none,0,,5,0.269205200,16.083000000,16083000.000,0.292705000,0.234029000,0.310306000,0.218679000,0.290307000,,,,16.083600000,16.083000000,16.111500000,16.089200000,16.087500000,,,,4000000,5cc821d530856352ccaf5122d456cf3afc3a19e17c8e90f2f67228b0e1faed92,2366934273933659296,combined,valid
9,Counter,counter,CRDT,InfiniBand,293fd3d581527e0a95adf7ae535ffd82284f654d,2024524,ac029;ac046;ac057;ac067;ac088;ac090;ac093;ac105;ac108,ac029,ac046;ac057;ac067;ac088;ac090,5,4000000,20,none,0,,5,0.339584000,12.725400000,12725400.000,0.373130000,0.301966000,0.392755000,0.265864000,0.364205000,,,,12.728300000,12.729000000,12.729600000,12.753000000,12.725400000,,,,4000000,fe33c1532b0e9a05b34c0ed0214ffbab595b2d9aa3112fd1774e3ddf5d7b48e1,5808612434071250250,combined,valid
9,Counter,counter,CRDT,InfiniBand,293fd3d581527e0a95adf7ae535ffd82284f654d,2024524,ac029;ac046;ac057;ac067;ac088;ac090;ac093;ac105;ac108,ac029,ac046;ac057;ac067;ac088;ac090,5,4000000,25,none,0,,5,0.410310200,10.454000000,10454000.000,0.453039000,0.361476000,0.478081000,0.318887000,0.440068000,,,,10.457200000,10.454800000,10.457800000,10.472500000,10.454000000,,,,4000000,c40b47d2bceaa3a9fcc8f02e386a6cb783deede76727e3bed81d57db7ff8636c,1692353366116290214,combined,valid
9,Counter,counter,CRDT,InfiniBand,293fd3d581527e0a95adf7ae535ffd82284f654d,2024524,ac029;ac046;ac057;ac067;ac088;ac090;ac093;ac105;ac108,ac029,ac046;ac057;ac067;ac088;ac090;ac093,6,4000000,0,none,0,,6,0.066790783,81.390100000,81390100.000,0.064758000,0.073672500,0.070893000,0.064714500,0.060406600,0.066300100,,,92.609700000,81.390100000,84.593400000,92.669800000,99.280200000,90.452700000,,,4000000,f9143c2e4ecbf51f12b4b02e61152d4038c25b2699a385eb359d64189fe01ac6,16294208416658607535,combined,valid
9,Counter,counter,CRDT,InfiniBand,293fd3d581527e0a95adf7ae535ffd82284f654d,2024524,ac029;ac046;ac057;ac067;ac088;ac090;ac093;ac105;ac108,ac029,ac046;ac057;ac067;ac088;ac090;ac093,6,4000000,15,none,0,,6,0.321661833,16.018900000,16018900.000,0.368755000,0.299227000,0.374392000,0.269580000,0.341855000,0.276162000,,,16.024500000,16.047800000,16.024200000,16.018900000,16.032300000,16.028700000,,,4000000,f646580bfc6f55efed4ae01396ad2e2fbda1d417ea08440cd30af876c312721b,2366934273933659296,combined,valid
9,Counter,counter,CRDT,InfiniBand,293fd3d581527e0a95adf7ae535ffd82284f654d,2024524,ac029;ac046;ac057;ac067;ac088;ac090;ac093;ac105;ac108,ac029,ac046;ac057;ac067;ac088;ac090;ac093,6,4000000,20,none,0,,6,0.400331167,12.902400000,12902400.000,0.456033000,0.366511000,0.464673000,0.338626000,0.436683000,0.339461000,,,12.905200000,12.907000000,12.911200000,12.929500000,12.910000000,12.902400000,,,4000000,2bbd42a805c9f1ec947dd32b01cb8cec7ec8259695eed98169dea0c839766ef5,5808612434071250250,combined,valid
9,Counter,counter,CRDT,InfiniBand,293fd3d581527e0a95adf7ae535ffd82284f654d,2024524,ac029;ac046;ac057;ac067;ac088;ac090;ac093;ac105;ac108,ac029,ac046;ac057;ac067;ac088;ac090;ac093,6,4000000,25,none,0,,6,0.483482333,10.433100000,10433100.000,0.545023000,0.423078000,0.574762000,0.404847000,0.540421000,0.412763000,,,10.433400000,10.433800000,10.438400000,10.448800000,10.436500000,10.433100000,,,4000000,d4b13154ca1510d5bb313925e7ab3f6bf0ca2ae24d59c2c698f2c9cda621b967,1692353366116290214,combined,valid
9,Counter,counter,CRDT,InfiniBand,293fd3d581527e0a95adf7ae535ffd82284f654d,2024524,ac029;ac046;ac057;ac067;ac088;ac090;ac093;ac105;ac108,ac029,ac046;ac057;ac067;ac088;ac090;ac093;ac105,7,4000000,0,none,0,,7,0.069784486,91.703200000,91703200.000,0.064611700,0.073772900,0.072085900,0.064863700,0.061468800,0.075402300,0.076286100,,108.263000000,94.813700000,97.042600000,107.852000000,113.811000000,92.783700000,91.703200000,,4000000,ca5666e69e6ad7bbcb90502be80a8e5bbb71c9aeed773b4ba015f2e974e92def,16294208416658607535,combined,valid
9,Counter,counter,CRDT,InfiniBand,293fd3d581527e0a95adf7ae535ffd82284f654d,2024524,ac029;ac046;ac057;ac067;ac088;ac090;ac093;ac105;ac108,ac029,ac046;ac057;ac067;ac088;ac090;ac093;ac105,7,4000000,15,none,0,,7,0.350065143,17.295900000,17295900.000,0.404645000,0.322084000,0.404092000,0.294817000,0.385508000,0.301742000,0.337568000,,17.295900000,17.324200000,17.305800000,17.306800000,17.311100000,17.301000000,17.309300000,,4000000,3ec69ab66b97a744e8ff1f342d1ac97f29ea29ae2f0b3cde431ebb6accc2c2a9,2366934273933659296,combined,valid
9,Counter,counter,CRDT,InfiniBand,293fd3d581527e0a95adf7ae535ffd82284f654d,2024524,ac029;ac046;ac057;ac067;ac088;ac090;ac093;ac105;ac108,ac029,ac046;ac057;ac067;ac088;ac090;ac093;ac105,7,4000000,20,none,0,,7,0.444707857,13.131900000,13131900.000,0.532901000,0.397055000,0.504750000,0.375515000,0.487564000,0.385454000,0.429716000,,13.134600000,13.145800000,13.137800000,13.135000000,13.131900000,13.135600000,13.139000000,,4000000,22acdab95db991562833118859b7b4def734b7309e73602af206bcbc86981ad6,5808612434071250250,combined,valid
9,Counter,counter,CRDT,InfiniBand,293fd3d581527e0a95adf7ae535ffd82284f654d,2024524,ac029;ac046;ac057;ac067;ac088;ac090;ac093;ac105;ac108,ac029,ac046;ac057;ac067;ac088;ac090;ac093;ac105,7,4000000,25,none,0,,7,0.541612000,11.061400000,11061400.000,0.630304000,0.470881000,0.632348000,0.453255000,0.614424000,0.471793000,0.518279000,,11.066700000,11.072100000,11.068800000,11.061400000,11.064000000,11.067400000,11.064300000,,4000000,79ee24354fde97cdd70e09e70fc29d2551d7bdfda4b0ad074a9dd03378b310db,1692353366116290214,combined,valid
9,Counter,counter,CRDT,InfiniBand,293fd3d581527e0a95adf7ae535ffd82284f654d,2024524,ac029;ac046;ac057;ac067;ac088;ac090;ac093;ac105;ac108,ac029,ac046;ac057;ac067;ac088;ac090;ac093;ac105;ac108,8,4000000,0,none,0,,8,0.069873250,102.336000000,102336000.000,0.065532000,0.078124000,0.070780000,0.064486000,0.061408000,0.068174000,0.076510000,0.073972000,121.962000000,102.336000000,112.943000000,123.966000000,130.187000000,117.254000000,104.488000000,108.058000000,4000000,6dbe1218c8e45c507c34fd04ccb9fc89d08a0e30ce4cab54383f8ee740aa26cc,16294208416658607535,combined,valid
9,Counter,counter,CRDT,InfiniBand,293fd3d581527e0a95adf7ae535ffd82284f654d,2024524,ac029;ac046;ac057;ac067;ac088;ac090;ac093;ac105;ac108,ac029,ac046;ac057;ac067;ac088;ac090;ac093;ac105;ac108,8,4000000,15,none,0,,8,0.379884250,17.040900000,17040900.000,0.469248000,0.353362000,0.431320000,0.338954000,0.420018000,0.332892000,0.373950000,0.319330000,17.045600000,17.052600000,17.045900000,17.041600000,17.047800000,17.040900000,17.122700000,17.048600000,4000000,339e75aaa033adc47fb877cebd1f191bbb3ea9a32edb0b2182b64384dcffda99,2366934273933659296,combined,valid
9,Counter,counter,CRDT,InfiniBand,293fd3d581527e0a95adf7ae535ffd82284f654d,2024524,ac029;ac046;ac057;ac067;ac088;ac090;ac093;ac105;ac108,ac029,ac046;ac057;ac067;ac088;ac090;ac093;ac105;ac108,8,4000000,20,none,0,,8,0.492784500,13.188800000,13188800.000,0.605912000,0.468582000,0.573656000,0.428138000,0.558260000,0.428496000,0.483588000,0.395644000,13.188800000,13.199100000,13.199400000,13.196000000,13.193100000,13.192900000,13.244500000,13.196100000,4000000,af64600a4bddd4e76f69e3615924629ffee1070d2573f1547c11344f108aabab,5808612434071250250,combined,valid
9,Counter,counter,CRDT,InfiniBand,293fd3d581527e0a95adf7ae535ffd82284f654d,2024524,ac029;ac046;ac057;ac067;ac088;ac090;ac093;ac105;ac108,ac029,ac046;ac057;ac067;ac088;ac090;ac093;ac105;ac108,8,4000000,25,none,0,,8,0.591130750,10.842000000,10842000.000,0.737628000,0.556296000,0.694606000,0.500618000,0.671594000,0.524162000,0.555678000,0.488464000,10.844800000,10.842000000,10.846500000,10.843200000,10.842000000,10.842300000,10.873600000,10.843500000,4000000,80a0b32de34459168d49515f3a252c3475cb8f8e4b1d9a4acd4562ef1d9ebccf,1692353366116290214,combined,valid
9,G-Set,gset,CRDT,InfiniBand,293fd3d581527e0a95adf7ae535ffd82284f654d,2024524,ac029;ac046;ac057;ac067;ac088;ac090;ac093;ac105;ac108,ac029,ac046;ac057;ac067,3,4000000,0,none,0,,3,0.071617500,39.356900000,39356900.000,0.065955000,0.076209000,0.072688500,,,,,,45.472600000,39.356900000,41.260900000,,,,,,4000000,722bc0fc54747edb094bdf9f8904b13ed03d4a6ba26b6e57f92f4d5729062ae3,0,combined,valid
9,G-Set,gset,CRDT,InfiniBand,293fd3d581527e0a95adf7ae535ffd82284f654d,2024524,ac029;ac046;ac057;ac067;ac088;ac090;ac093;ac105;ac108,ac029,ac046;ac057;ac067,3,4000000,15,none,0,,3,0.191191000,14.265900000,14265900.000,0.194978000,0.168668000,0.209927000,,,,,,14.266300000,14.265900000,14.289300000,,,,,,4000000,e06e2471ea2d7e6c8a4190c1aef48eb080447b05ff6b69f715b150e21946af64,15530378015678913902,combined,valid
9,G-Set,gset,CRDT,InfiniBand,293fd3d581527e0a95adf7ae535ffd82284f654d,2024524,ac029;ac046;ac057;ac067;ac088;ac090;ac093;ac105;ac108,ac029,ac046;ac057;ac067,3,4000000,20,none,0,,3,0.232051333,11.518300000,11518300.000,0.236993000,0.199030000,0.260131000,,,,,,11.518300000,11.519300000,11.531700000,,,,,,4000000,b4681d1d495a054e6b11288627c8743768d7495efe3270f93f75229815e20c30,15530378015678913902,combined,valid
9,G-Set,gset,CRDT,InfiniBand,293fd3d581527e0a95adf7ae535ffd82284f654d,2024524,ac029;ac046;ac057;ac067;ac088;ac090;ac093;ac105;ac108,ac029,ac046;ac057;ac067,3,4000000,25,none,0,,3,0.279995333,9.613840000,9613840.000,0.288535000,0.239771000,0.311680000,,,,,,9.613840000,9.613930000,9.624620000,,,,,,4000000,f3eb7906d895bc81f2f9d8e3f74ab928c0c39989d2ba77847f99782a5fa7aca3,15530378015678913902,combined,valid
9,G-Set,gset,CRDT,InfiniBand,293fd3d581527e0a95adf7ae535ffd82284f654d,2024524,ac029;ac046;ac057;ac067;ac088;ac090;ac093;ac105;ac108,ac029,ac046;ac057;ac067;ac088,4,4000000,0,none,0,,4,0.070748750,54.111800000,54111800.000,0.066065000,0.073894000,0.072266000,0.070770000,,,,,60.522600000,54.111800000,55.333500000,56.504400000,,,,,4000000,fff091b920201f9e5bc1c52548ae82e535ed0a621a88e366756018d192c5d918,0,combined,valid
9,G-Set,gset,CRDT,InfiniBand,293fd3d581527e0a95adf7ae535ffd82284f654d,2024524,ac029;ac046;ac057;ac067;ac088;ac090;ac093;ac105;ac108,ac029,ac046;ac057;ac067;ac088,4,4000000,15,none,0,,4,0.225109500,15.300500000,15300500.000,0.242857000,0.206917000,0.261335000,0.189329000,,,,,15.303600000,15.300500000,15.304200000,15.333000000,,,,,4000000,0d93fa2b594a9d2774ef595419f0f80e9367d2a8c5cfe7fed083d1dbea34a7b5,15530378015678913902,combined,valid
9,G-Set,gset,CRDT,InfiniBand,293fd3d581527e0a95adf7ae535ffd82284f654d,2024524,ac029;ac046;ac057;ac067;ac088;ac090;ac093;ac105;ac108,ac029,ac046;ac057;ac067;ac088,4,4000000,20,none,0,,4,0.278863000,12.606600000,12606600.000,0.310419000,0.255040000,0.316770000,0.233223000,,,,,12.606600000,12.609400000,12.626400000,12.612000000,,,,,4000000,12e3d4705912de1489ce2ea36a832040a0699f3a10294fc185ab9139776fdbaf,15530378015678913902,combined,valid
9,G-Set,gset,CRDT,InfiniBand,293fd3d581527e0a95adf7ae535ffd82284f654d,2024524,ac029;ac046;ac057;ac067;ac088;ac090;ac093;ac105;ac108,ac029,ac046;ac057;ac067;ac088,4,4000000,25,none,0,,4,0.330845250,10.600000000,10600000.000,0.377159000,0.298586000,0.375927000,0.271709000,,,,,10.604900000,10.600000000,10.603500000,10.617400000,,,,,4000000,00ecb9136b487f0166c56b3504628ef712ef13634a1553175b4ee267b0344a90,15530378015678913902,combined,valid
9,G-Set,gset,CRDT,InfiniBand,293fd3d581527e0a95adf7ae535ffd82284f654d,2024524,ac029;ac046;ac057;ac067;ac088;ac090;ac093;ac105;ac108,ac029,ac046;ac057;ac067;ac088;ac090,5,4000000,0,none,0,,5,0.068400520,64.916100000,64916100.000,0.063763700,0.076980000,0.071878800,0.067766300,0.061613800,,,,78.382200000,64.916100000,69.531400000,73.753100000,81.112900000,,,,4000000,7f7f0feb1262ea4367d38992ce2d4a6c253da786fc325f50722a0be9867b7d3f,0,combined,valid
9,G-Set,gset,CRDT,InfiniBand,293fd3d581527e0a95adf7ae535ffd82284f654d,2024524,ac029;ac046;ac057;ac067;ac088;ac090;ac093;ac105;ac108,ac029,ac046;ac057;ac067;ac088;ac090,5,4000000,15,none,0,,5,0.279291600,15.249100000,15249100.000,0.297771000,0.249452000,0.327171000,0.222274000,0.299790000,,,,15.249100000,15.254100000,15.281000000,15.251400000,15.251100000,,,,4000000,5cc821d530856352ccaf5122d456cf3afc3a19e17c8e90f2f67228b0e1faed92,15530378015678913902,combined,valid
9,G-Set,gset,CRDT,InfiniBand,293fd3d581527e0a95adf7ae535ffd82284f654d,2024524,ac029;ac046;ac057;ac067;ac088;ac090;ac093;ac105;ac108,ac029,ac046;ac057;ac067;ac088;ac090,5,4000000,20,none,0,,5,0.409613800,8.362270000,8362270.000,0.374844000,0.597776000,0.400936000,0.291067000,0.383446000,,,,8.363550000,8.363140000,8.369600000,8.362520000,8.362270000,,,,4000000,fe33c1532b0e9a05b34c0ed0214ffbab595b2d9aa3112fd1774e3ddf5d7b48e1,15530378015678913902,combined,valid
9,G-Set,gset,CRDT,InfiniBand,293fd3d581527e0a95adf7ae535ffd82284f654d,2024524,ac029;ac046;ac057;ac067;ac088;ac090;ac093;ac105;ac108,ac029,ac046;ac057;ac067;ac088;ac090,5,4000000,25,none,0,,5,0.423403400,10.064900000,10064900.000,0.466839000,0.356897000,0.496574000,0.328381000,0.468326000,,,,10.066700000,10.074900000,10.067600000,10.064900000,10.065800000,,,,4000000,c40b47d2bceaa3a9fcc8f02e386a6cb783deede76727e3bed81d57db7ff8636c,15530378015678913902,combined,valid
9,G-Set,gset,CRDT,InfiniBand,293fd3d581527e0a95adf7ae535ffd82284f654d,2024524,ac029;ac046;ac057;ac067;ac088;ac090;ac093;ac105;ac108,ac029,ac046;ac057;ac067;ac088;ac090;ac093,6,4000000,0,none,0,,6,0.067733033,82.255400000,82255400.000,0.065617500,0.072898500,0.071901000,0.068293500,0.061167100,0.066520600,,,91.395100000,82.255400000,83.404600000,87.815600000,98.041600000,90.155100000,,,4000000,f9143c2e4ecbf51f12b4b02e61152d4038c25b2699a385eb359d64189fe01ac6,0,combined,valid
9,G-Set,gset,CRDT,InfiniBand,293fd3d581527e0a95adf7ae535ffd82284f654d,2024524,ac029;ac046;ac057;ac067;ac088;ac090;ac093;ac105;ac108,ac029,ac046;ac057;ac067;ac088;ac090;ac093,6,4000000,15,none,0,,6,0.325911667,15.720400000,15720400.000,0.366585000,0.303622000,0.381391000,0.277566000,0.348206000,0.278100000,,,15.730300000,15.727700000,15.730300000,15.765000000,15.733800000,15.720400000,,,4000000,f646580bfc6f55efed4ae01396ad2e2fbda1d417ea08440cd30af876c312721b,15530378015678913902,combined,valid
9,G-Set,gset,CRDT,InfiniBand,293fd3d581527e0a95adf7ae535ffd82284f654d,2024524,ac029;ac046;ac057;ac067;ac088;ac090;ac093;ac105;ac108,ac029,ac046;ac057;ac067;ac088;ac090;ac093,6,4000000,20,none,0,,6,0.400660500,12.739500000,12739500.000,0.460077000,0.348496000,0.470943000,0.335727000,0.445778000,0.342942000,,,12.742100000,12.751300000,12.739500000,12.739500000,12.740800000,12.742400000,,,4000000,2bbd42a805c9f1ec947dd32b01cb8cec7ec8259695eed98169dea0c839766ef5,15530378015678913902,combined,valid
9,G-Set,gset,CRDT,InfiniBand,293fd3d581527e0a95adf7ae535ffd82284f654d,2024524,ac029;ac046;ac057;ac067;ac088;ac090;ac093;ac105;ac108,ac029,ac046;ac057;ac067;ac088;ac090;ac093,6,4000000,25,none,0,,6,0.493146667,10.103600000,10103600.000,0.559077000,0.417393000,0.593626000,0.416890000,0.544151000,0.427743000,,,10.103600000,10.105300000,10.106300000,10.119800000,10.103700000,10.105500000,,,4000000,d4b13154ca1510d5bb313925e7ab3f6bf0ca2ae24d59c2c698f2c9cda621b967,15530378015678913902,combined,valid
9,G-Set,gset,CRDT,InfiniBand,293fd3d581527e0a95adf7ae535ffd82284f654d,2024524,ac029;ac046;ac057;ac067;ac088;ac090;ac093;ac105;ac108,ac029,ac046;ac057;ac067;ac088;ac090;ac093;ac105,7,4000000,0,none,0,,7,0.070155243,93.086000000,93086000.000,0.070257200,0.073016900,0.074500900,0.065686200,0.061869600,0.070603800,0.075152100,,99.569400000,95.815300000,93.887900000,106.502000000,113.065000000,99.076100000,93.086000000,,4000000,ca5666e69e6ad7bbcb90502be80a8e5bbb71c9aeed773b4ba015f2e974e92def,0,combined,valid
9,G-Set,gset,CRDT,InfiniBand,293fd3d581527e0a95adf7ae535ffd82284f654d,2024524,ac029;ac046;ac057;ac067;ac088;ac090;ac093;ac105;ac108,ac029,ac046;ac057;ac067;ac088;ac090;ac093;ac105,7,4000000,15,none,0,,7,0.406243857,12.760300000,12760300.000,0.425215000,0.547680000,0.463715000,0.323827000,0.407677000,0.319802000,0.355791000,,12.767600000,12.779300000,12.760300000,12.760700000,12.768100000,12.769600000,12.762800000,,4000000,3ec69ab66b97a744e8ff1f342d1ac97f29ea29ae2f0b3cde431ebb6accc2c2a9,15530378015678913902,combined,valid
9,G-Set,gset,CRDT,InfiniBand,293fd3d581527e0a95adf7ae535ffd82284f654d,2024524,ac029;ac046;ac057;ac067;ac088;ac090;ac093;ac105;ac108,ac029,ac046;ac057;ac067;ac088;ac090;ac093;ac105,7,4000000,20,none,0,,7,0.481580714,12.322100000,12322100.000,0.557473000,0.448252000,0.567850000,0.424222000,0.520662000,0.396619000,0.455987000,,12.322100000,12.334600000,12.326100000,12.326400000,12.322200000,12.325900000,12.322700000,,4000000,22acdab95db991562833118859b7b4def734b7309e73602af206bcbc86981ad6,15530378015678913902,combined,valid
9,G-Set,gset,CRDT,InfiniBand,293fd3d581527e0a95adf7ae535ffd82284f654d,2024524,ac029;ac046;ac057;ac067;ac088;ac090;ac093;ac105;ac108,ac029,ac046;ac057;ac067;ac088;ac090;ac093;ac105,7,4000000,25,none,0,,7,0.608672571,10.462200000,10462200.000,0.669005000,0.666512000,0.665054000,0.527805000,0.637414000,0.492823000,0.602095000,,10.462200000,10.462900000,10.464800000,10.480800000,10.465600000,10.467100000,10.463300000,,4000000,79ee24354fde97cdd70e09e70fc29d2551d7bdfda4b0ad074a9dd03378b310db,15530378015678913902,combined,valid
9,G-Set,gset,CRDT,InfiniBand,293fd3d581527e0a95adf7ae535ffd82284f654d,2024524,ac029;ac046;ac057;ac067;ac088;ac090;ac093;ac105;ac108,ac029,ac046;ac057;ac067;ac088;ac090;ac093;ac105;ac108,8,4000000,0,none,0,,8,0.070926250,100.687000000,100687000.000,0.067498000,0.074290000,0.075648000,0.071340000,0.064690000,0.069366000,0.079372000,0.065206000,118.424000000,107.608000000,105.652000000,112.061000000,123.575000000,115.237000000,100.687000000,122.602000000,4000000,6dbe1218c8e45c507c34fd04ccb9fc89d08a0e30ce4cab54383f8ee740aa26cc,0,combined,valid
9,G-Set,gset,CRDT,InfiniBand,293fd3d581527e0a95adf7ae535ffd82284f654d,2024524,ac029;ac046;ac057;ac067;ac088;ac090;ac093;ac105;ac108,ac029,ac046;ac057;ac067;ac088;ac090;ac093;ac105;ac108,8,4000000,15,none,0,,8,0.378656750,17.074500000,17074500.000,0.468486000,0.354136000,0.427628000,0.342368000,0.416578000,0.335318000,0.370454000,0.314286000,17.074500000,17.092800000,17.082900000,17.083700000,17.085500000,17.083200000,17.086100000,17.088800000,4000000,339e75aaa033adc47fb877cebd1f191bbb3ea9a32edb0b2182b64384dcffda99,15530378015678913902,combined,valid
9,G-Set,gset,CRDT,InfiniBand,293fd3d581527e0a95adf7ae535ffd82284f654d,2024524,ac029;ac046;ac057;ac067;ac088;ac090;ac093;ac105;ac108,ac029,ac046;ac057;ac067;ac088;ac090;ac093;ac105;ac108,8,4000000,20,none,0,,8,0.487877000,13.260800000,13260800.000,0.603056000,0.461008000,0.557728000,0.426036000,0.543330000,0.428656000,0.475818000,0.407384000,13.264700000,13.263100000,13.270200000,13.261100000,13.263900000,13.260800000,13.308300000,13.262600000,4000000,af64600a4bddd4e76f69e3615924629ffee1070d2573f1547c11344f108aabab,15530378015678913902,combined,valid
9,G-Set,gset,CRDT,InfiniBand,293fd3d581527e0a95adf7ae535ffd82284f654d,2024524,ac029;ac046;ac057;ac067;ac088;ac090;ac093;ac105;ac108,ac029,ac046;ac057;ac067;ac088;ac090;ac093;ac105;ac108,8,4000000,25,none,0,,8,0.595897500,10.565800000,10565800.000,0.756918000,0.564644000,0.677884000,0.506574000,0.667674000,0.523828000,0.577742000,0.491916000,10.568500000,10.567500000,10.567600000,10.565800000,10.568300000,10.567200000,10.597000000,10.569000000,4000000,80a0b32de34459168d49515f3a252c3475cb8f8e4b1d9a4acd4562ef1d9ebccf,15530378015678913902,combined,valid
9,PN-Set,pnset,CRDT,InfiniBand,293fd3d581527e0a95adf7ae535ffd82284f654d,2024524,ac029;ac046;ac057;ac067;ac088;ac090;ac093;ac105;ac108,ac029,ac046;ac057;ac067,3,4000000,0,none,0,,3,0.071175733,40.072900000,40072900.000,0.065772700,0.074839500,0.072915000,,,,,,45.599100000,40.072900000,41.133200000,,,,,,4000000,2e733693876fc4c286876192bb780e4f217c67afb6e2b7a1bd4969dfbaadb7bd,0,combined,valid
9,PN-Set,pnset,CRDT,InfiniBand,293fd3d581527e0a95adf7ae535ffd82284f654d,2024524,ac029;ac046;ac057;ac067;ac088;ac090;ac093;ac105;ac108,ac029,ac046;ac057;ac067,3,4000000,15,none,0,,3,0.212854667,13.364700000,13364700.000,0.211538000,0.202942000,0.224084000,,,,,,13.364700000,13.372300000,13.386600000,,,,,,4000000,51d7e77140de687a92343797b1106a01c47c96ba5af77fda3f5caa335ff82635,4158281071620603130,combined,valid
9,PN-Set,pnset,CRDT,InfiniBand,293fd3d581527e0a95adf7ae535ffd82284f654d,2024524,ac029;ac046;ac057;ac067;ac088;ac090;ac093;ac105;ac108,ac029,ac046;ac057;ac067,3,4000000,20,none,0,,3,0.259474000,10.800400000,10800400.000,0.259989000,0.241041000,0.277392000,,,,,,10.803700000,10.800400000,10.814300000,,,,,,4000000,456ed12f22cc302fe1a8e982dd038cbb18e923d9bd2a021a37cdb0a32d466c95,6381265218763136040,combined,valid
9,PN-Set,pnset,CRDT,InfiniBand,293fd3d581527e0a95adf7ae535ffd82284f654d,2024524,ac029;ac046;ac057;ac067;ac088;ac090;ac093;ac105;ac108,ac029,ac046;ac057;ac067,3,4000000,25,none,0,,3,0.318448000,8.440150000,8440150.000,0.319383000,0.280630000,0.355331000,,,,,,8.440150000,8.448250000,8.442200000,,,,,,4000000,b7bbf7507d846814d2db4b84bd2e3bf5b9ede3970036eddab85c3fb99638d5c3,11669586830584168673,combined,valid
9,PN-Set,pnset,CRDT,InfiniBand,293fd3d581527e0a95adf7ae535ffd82284f654d,2024524,ac029;ac046;ac057;ac067;ac088;ac090;ac093;ac105;ac108,ac029,ac046;ac057;ac067;ac088,4,4000000,0,none,0,,4,0.071132500,54.227700000,54227700.000,0.064894000,0.073737000,0.072747000,0.073152000,,,,,61.619000000,54.227700000,54.967700000,54.664200000,,,,,4000000,81fa9a5bc75e66a17f3904110ab6a317072e53583dc051a08de4c8c1e57a962a,0,combined,valid
9,PN-Set,pnset,CRDT,InfiniBand,293fd3d581527e0a95adf7ae535ffd82284f654d,2024524,ac029;ac046;ac057;ac067;ac088;ac090;ac093;ac105;ac108,ac029,ac046;ac057;ac067;ac088,4,4000000,15,none,0,,4,0.280745250,10.653000000,10653000.000,0.257168000,0.375297000,0.283629000,0.206887000,,,,,10.653000000,10.656700000,10.656000000,10.669900000,,,,,4000000,68946e038083746ad4004bcb781279439df1b6966f5d4ba745e3da26cc0ec146,4158281071620603130,combined,valid
9,PN-Set,pnset,CRDT,InfiniBand,293fd3d581527e0a95adf7ae535ffd82284f654d,2024524,ac029;ac046;ac057;ac067;ac088;ac090;ac093;ac105;ac108,ac029,ac046;ac057;ac067;ac088,4,4000000,20,none,0,,4,0.308482750,11.412000000,11412000.000,0.333797000,0.279519000,0.350003000,0.270612000,,,,,11.416600000,11.412000000,11.427500000,11.414000000,,,,,4000000,757d6ce74767ddf4dcccfaadb2ebee030a069c43f2956d1c5299599b968c05b6,6381265218763136040,combined,valid
9,PN-Set,pnset,CRDT,InfiniBand,293fd3d581527e0a95adf7ae535ffd82284f654d,2024524,ac029;ac046;ac057;ac067;ac088;ac090;ac093;ac105;ac108,ac029,ac046;ac057;ac067;ac088,4,4000000,25,none,0,,4,0.381441500,9.102850000,9102850.000,0.421730000,0.366273000,0.438836000,0.298927000,,,,,9.104980000,9.103410000,9.114420000,9.102850000,,,,,4000000,ef1f2dd54b5a4ab78b07a9f4afe9b07f7487ac582d7bf0269cc7cb50bf474758,11669586830584168673,combined,valid
9,PN-Set,pnset,CRDT,InfiniBand,293fd3d581527e0a95adf7ae535ffd82284f654d,2024524,ac029;ac046;ac057;ac067;ac088;ac090;ac093;ac105;ac108,ac029,ac046;ac057;ac067;ac088;ac090,5,4000000,0,none,0,,5,0.069786000,67.196400000,67196400.000,0.066323800,0.074366200,0.073316200,0.072073800,0.062850000,,,,75.349400000,67.196400000,68.168600000,69.346900000,79.519700000,,,,4000000,bdc907a4c9a065fd4783429da74b664af451531efd37d24aacbed220994a34c8,0,combined,valid
9,PN-Set,pnset,CRDT,InfiniBand,293fd3d581527e0a95adf7ae535ffd82284f654d,2024524,ac029;ac046;ac057;ac067;ac088;ac090;ac093;ac105;ac108,ac029,ac046;ac057;ac067;ac088;ac090,5,4000000,15,none,0,,5,0.338973000,10.674000000,10674000.000,0.320010000,0.468215000,0.338739000,0.248735000,0.319166000,,,,10.674000000,10.677100000,10.689400000,10.680600000,10.678700000,,,,4000000,8d722446719b2e09f127b53a503448ba93e01423bb588f6f60c1b3d9bc543ed4,4158281071620603130,combined,valid
9,PN-Set,pnset,CRDT,InfiniBand,293fd3d581527e0a95adf7ae535ffd82284f654d,2024524,ac029;ac046;ac057;ac067;ac088;ac090;ac093;ac105;ac108,ac029,ac046;ac057;ac067;ac088;ac090,5,4000000,20,none,0,,5,0.378881200,11.216600000,11216600.000,0.416375000,0.328476000,0.445599000,0.301354000,0.402602000,,,,11.218800000,11.216600000,11.219500000,11.232600000,11.217600000,,,,4000000,704a6e4bbfeb10f95a97802acae14c53f6cb7c4fea2ac2c9965883b39896f668,6381265218763136040,combined,valid
9,PN-Set,pnset,CRDT,InfiniBand,293fd3d581527e0a95adf7ae535ffd82284f654d,2024524,ac029;ac046;ac057;ac067;ac088;ac090;ac093;ac105;ac108,ac029,ac046;ac057;ac067;ac088;ac090,5,4000000,25,none,0,,5,0.471361800,9.400900000,9400900.000,0.497723000,0.443873000,0.531620000,0.377003000,0.506590000,,,,9.401190000,9.400900000,9.404640000,9.416460000,9.401210000,,,,4000000,658f6ce94fe4a94cf0f688ed7f70027e92cf29d0f50f15504f0bfb2eb8cae974,11669586830584168673,combined,valid
9,PN-Set,pnset,CRDT,InfiniBand,293fd3d581527e0a95adf7ae535ffd82284f654d,2024524,ac029;ac046;ac057;ac067;ac088;ac090;ac093;ac105;ac108,ac029,ac046;ac057;ac067;ac088;ac090;ac093,6,4000000,0,none,0,,6,0.068088783,80.450500000,80450500.000,0.064581000,0.074533500,0.072178500,0.067152000,0.062539600,0.067548100,,,92.865600000,80.450500000,83.082400000,89.301700000,95.891100000,88.784300000,,,4000000,a9bb04a3b007d800b86f035a3850f6590556cc9c7683a60a8026f9012b480e9e,0,combined,valid
9,PN-Set,pnset,CRDT,InfiniBand,293fd3d581527e0a95adf7ae535ffd82284f654d,2024524,ac029;ac046;ac057;ac067;ac088;ac090;ac093;ac105;ac108,ac029,ac046;ac057;ac067;ac088;ac090;ac093,6,4000000,15,none,0,,6,0.364120167,11.628900000,11628900.000,0.372273000,0.515833000,0.378096000,0.289108000,0.350307000,0.279104000,,,11.629100000,11.629100000,11.634900000,11.648300000,11.628900000,11.631600000,,,4000000,0bad2284ab4bcc52ab70cef74fc0cf092e3356cc18971e345fd5b73d74fd43f1,4158281071620603130,combined,valid
9,PN-Set,pnset,CRDT,InfiniBand,293fd3d581527e0a95adf7ae535ffd82284f654d,2024524,ac029;ac046;ac057;ac067;ac088;ac090;ac093;ac105;ac108,ac029,ac046;ac057;ac067;ac088;ac090;ac093,6,4000000,20,none,0,,6,0.421023833,12.137200000,12137200.000,0.460492000,0.395368000,0.494181000,0.359353000,0.464225000,0.352524000,,,12.139900000,12.137200000,12.140300000,12.159200000,12.138100000,12.140100000,,,4000000,3be525691cbe17de217e0861f5c2b54ea378889002988c84d310d943b3c18c65,6381265218763136040,combined,valid
9,PN-Set,pnset,CRDT,InfiniBand,293fd3d581527e0a95adf7ae535ffd82284f654d,2024524,ac029;ac046;ac057;ac067;ac088;ac090;ac093;ac105;ac108,ac029,ac046;ac057;ac067;ac088;ac090;ac093,6,4000000,25,none,0,,6,0.515652000,9.584190000,9584190.000,0.579523000,0.461128000,0.625153000,0.427842000,0.554119000,0.446147000,,,9.584190000,9.589590000,9.596930000,9.586790000,9.586030000,9.584650000,,,4000000,1a39d006383cdef35bfed44555e685410419a5f05c24e6bad1b565d7e3519eff,11669586830584168673,combined,valid
9,PN-Set,pnset,CRDT,InfiniBand,293fd3d581527e0a95adf7ae535ffd82284f654d,2024524,ac029;ac046;ac057;ac067;ac088;ac090;ac093;ac105;ac108,ac029,ac046;ac057;ac067;ac088;ac090;ac093;ac105,7,4000000,0,none,0,,7,0.069479243,92.813900000,92813900.000,0.065401000,0.073366900,0.073825400,0.066619000,0.062266800,0.069504800,0.075370800,,106.955000000,95.356200000,94.762000000,105.006000000,112.347000000,100.639000000,92.813900000,,4000000,d0e7701f5c166dd7af5cd3952e58bfb58aac3ffebd9becad1b876cd77ec8a6e9,0,combined,valid
9,PN-Set,pnset,CRDT,InfiniBand,293fd3d581527e0a95adf7ae535ffd82284f654d,2024524,ac029;ac046;ac057;ac067;ac088;ac090;ac093;ac105;ac108,ac029,ac046;ac057;ac067;ac088;ac090;ac093;ac105,7,4000000,15,none,0,,7,0.366214571,16.618500000,16618500.000,0.420817000,0.349636000,0.415248000,0.315786000,0.384384000,0.320366000,0.357265000,,16.632600000,16.643200000,16.618500000,16.633100000,16.635500000,16.629700000,16.625100000,,4000000,aef70a41dbc2861ddbcb1c022131e4052d9b8836b4611273873f4aaaea17b105,4158281071620603130,combined,valid
9,PN-Set,pnset,CRDT,InfiniBand,293fd3d581527e0a95adf7ae535ffd82284f654d,2024524,ac029;ac046;ac057;ac067;ac088;ac090;ac093;ac105;ac108,ac029,ac046;ac057;ac067;ac088;ac090;ac093;ac105,7,4000000,20,none,0,,7,0.459956857,13.246600000,13246600.000,0.527954000,0.439787000,0.527952000,0.393114000,0.505296000,0.389913000,0.435682000,,13.249100000,13.260300000,13.257700000,13.257900000,13.246600000,13.254700000,13.253400000,,4000000,926a329e0a4a3c9e5bbb98d4d9d170ba3bfc4f61371c2d957e1b622493ed10c6,6381265218763136040,combined,valid
9,PN-Set,pnset,CRDT,InfiniBand,293fd3d581527e0a95adf7ae535ffd82284f654d,2024524,ac029;ac046;ac057;ac067;ac088;ac090;ac093;ac105;ac108,ac029,ac046;ac057;ac067;ac088;ac090;ac093;ac105,7,4000000,25,none,0,,7,0.564299571,10.278900000,10278900.000,0.659772000,0.497397000,0.680863000,0.471231000,0.625228000,0.478746000,0.536860000,,10.279600000,10.285800000,10.280200000,10.280800000,10.278900000,10.280900000,10.280000000,,4000000,38444a4536479fc88cfd5f20c15adfec8d70d51301b1cb1804b292ade92ad629,11669586830584168673,combined,valid
9,PN-Set,pnset,CRDT,InfiniBand,293fd3d581527e0a95adf7ae535ffd82284f654d,2024524,ac029;ac046;ac057;ac067;ac088;ac090;ac093;ac105;ac108,ac029,ac046;ac057;ac067;ac088;ac090;ac093;ac105;ac108,8,4000000,0,none,0,,8,0.069547250,104.169000000,104169000.000,0.066844000,0.076736000,0.072326000,0.071880000,0.060900000,0.069298000,0.076096000,0.062298000,119.599000000,104.169000000,110.531000000,111.225000000,131.272000000,115.357000000,105.039000000,128.291000000,4000000,a53e392b55644b9e0cf93eb8059909fee2cd6daf02b14d5da65e32ccfef26c95,0,combined,valid
9,PN-Set,pnset,CRDT,InfiniBand,293fd3d581527e0a95adf7ae535ffd82284f654d,2024524,ac029;ac046;ac057;ac067;ac088;ac090;ac093;ac105;ac108,ac029,ac046;ac057;ac067;ac088;ac090;ac093;ac105;ac108,8,4000000,15,none,0,,8,0.396311500,16.465600000,16465600.000,0.485650000,0.387604000,0.446222000,0.342928000,0.423188000,0.354286000,0.393216000,0.337398000,16.471000000,16.465600000,16.465900000,16.470900000,16.466600000,16.474200000,16.539900000,16.468000000,4000000,9a255d0f053dc6ead0d3e52ed598e7e4489570f01e79a7c75253eabec11a5c7c,4158281071620603130,combined,valid
9,PN-Set,pnset,CRDT,InfiniBand,293fd3d581527e0a95adf7ae535ffd82284f654d,2024524,ac029;ac046;ac057;ac067;ac088;ac090;ac093;ac105;ac108,ac029,ac046;ac057;ac067;ac088;ac090;ac093;ac105;ac108,8,4000000,20,none,0,,8,0.519896000,12.262500000,12262500.000,0.610610000,0.460082000,0.577680000,0.443232000,0.551872000,0.440364000,0.652196000,0.423132000,12.267100000,12.267700000,12.262500000,12.269800000,12.267400000,12.266000000,12.265200000,12.309500000,4000000,4c03f3ddb33f141c706167958d9b6e78da6243167b5bdd400af348d130efbc7a,6381265218763136040,combined,valid
9,PN-Set,pnset,CRDT,InfiniBand,293fd3d581527e0a95adf7ae535ffd82284f654d,2024524,ac029;ac046;ac057;ac067;ac088;ac090;ac093;ac105;ac108,ac029,ac046;ac057;ac067;ac088;ac090;ac093;ac105;ac108,8,4000000,25,none,0,,8,0.616983250,10.354600000,10354600.000,0.772280000,0.596312000,0.707836000,0.546886000,0.681732000,0.545524000,0.577916000,0.507380000,10.358200000,10.355300000,10.358900000,10.357100000,10.354600000,10.356500000,10.385800000,10.359300000,4000000,5397c619ad4f50b3b3f8b9607ea3001a5591d9e70c33529799e555884ffdad5b,11669586830584168673,combined,valid
9,Register,register,CRDT,InfiniBand,293fd3d581527e0a95adf7ae535ffd82284f654d,2024524,ac029;ac046;ac057;ac067;ac088;ac090;ac093;ac105;ac108,ac029,ac046;ac057;ac067,3,4000000,0,none,0,,3,0.105586900,26.971400000,26971400.000,0.098367700,0.111212000,0.107181000,,,,,,30.489400000,26.971400000,27.983400000,,,,,,4000000,722bc0fc54747edb094bdf9f8904b13ed03d4a6ba26b6e57f92f4d5729062ae3,16294208416658607535,combined,valid
9,Register,register,CRDT,InfiniBand,293fd3d581527e0a95adf7ae535ffd82284f654d,2024524,ac029;ac046;ac057;ac067;ac088;ac090;ac093;ac105;ac108,ac029,ac046;ac057;ac067,3,4000000,15,none,0,,3,0.255750000,11.013700000,11013700.000,0.252243000,0.243067000,0.271940000,,,,,,11.013700000,11.014000000,11.031000000,,,,,,4000000,e06e2471ea2d7e6c8a4190c1aef48eb080447b05ff6b69f715b150e21946af64,7966800289363201337,combined,valid
9,Register,register,CRDT,InfiniBand,293fd3d581527e0a95adf7ae535ffd82284f654d,2024524,ac029;ac046;ac057;ac067;ac088;ac090;ac093;ac105;ac108,ac029,ac046;ac057;ac067,3,4000000,20,none,0,,3,0.305086667,9.356730000,9356730.000,0.301136000,0.293836000,0.320288000,,,,,,9.356730000,9.358760000,9.365990000,,,,,,4000000,b4681d1d495a054e6b11288627c8743768d7495efe3270f93f75229815e20c30,17472777088058675822,combined,valid
9,Register,register,CRDT,InfiniBand,293fd3d581527e0a95adf7ae535ffd82284f654d,2024524,ac029;ac046;ac057;ac067;ac088;ac090;ac093;ac105;ac108,ac029,ac046;ac057;ac067,3,4000000,25,none,0,,3,0.358724333,7.588870000,7588870.000,0.352634000,0.328610000,0.394929000,,,,,,7.588870000,7.590290000,7.595930000,,,,,,4000000,f3eb7906d895bc81f2f9d8e3f74ab928c0c39989d2ba77847f99782a5fa7aca3,2094950686652835095,combined,valid
9,Register,register,CRDT,InfiniBand,293fd3d581527e0a95adf7ae535ffd82284f654d,2024524,ac029;ac046;ac057;ac067;ac088;ac090;ac093;ac105;ac108,ac029,ac046;ac057;ac067;ac088,4,4000000,0,none,0,,4,0.104547000,34.583500000,34583500.000,0.098280000,0.107490000,0.115637000,0.096781000,,,,,40.690100000,37.205100000,34.583500000,41.321000000,,,,,4000000,fff091b920201f9e5bc1c52548ae82e535ed0a621a88e366756018d192c5d918,16294208416658607535,combined,valid
9,Register,register,CRDT,InfiniBand,293fd3d581527e0a95adf7ae535ffd82284f654d,2024524,ac029;ac046;ac057;ac067;ac088;ac090;ac093;ac105;ac108,ac029,ac046;ac057;ac067;ac088,4,4000000,15,none,0,,4,0.295683250,12.130200000,12130200.000,0.298105000,0.296407000,0.329645000,0.258576000,,,,,12.130800000,12.130200000,12.133300000,12.153100000,,,,,4000000,0d93fa2b594a9d2774ef595419f0f80e9367d2a8c5cfe7fed083d1dbea34a7b5,17081519095733821108,combined,valid
9,Register,register,CRDT,InfiniBand,293fd3d581527e0a95adf7ae535ffd82284f654d,2024524,ac029;ac046;ac057;ac067;ac088;ac090;ac093;ac105;ac108,ac029,ac046;ac057;ac067;ac088,4,4000000,20,none,0,,4,0.356895250,9.899690000,9899690.000,0.365309000,0.348486000,0.403946000,0.309840000,,,,,9.899690000,9.900790000,9.901530000,9.915860000,,,,,4000000,12e3d4705912de1489ce2ea36a832040a0699f3a10294fc185ab9139776fdbaf,7882972091403293730,combined,valid
9,Register,register,CRDT,InfiniBand,293fd3d581527e0a95adf7ae535ffd82284f654d,2024524,ac029;ac046;ac057;ac067;ac088;ac090;ac093;ac105;ac108,ac029,ac046;ac057;ac067;ac088,4,4000000,25,none,0,,4,0.423731500,8.416520000,8416520.000,0.448907000,0.403591000,0.475177000,0.367251000,,,,,8.416520000,8.421580000,8.417460000,8.416610000,,,,,4000000,00ecb9136b487f0166c56b3504628ef712ef13634a1553175b4ee267b0344a90,5802140560033872465,combined,valid
9,Register,register,CRDT,InfiniBand,293fd3d581527e0a95adf7ae535ffd82284f654d,2024524,ac029;ac046;ac057;ac067;ac088;ac090;ac093;ac105;ac108,ac029,ac046;ac057;ac067;ac088;ac090,5,4000000,0,none,0,,5,0.103622760,45.662100000,45662100.000,0.097838800,0.109463000,0.108880000,0.108412000,0.093520000,,,,51.092100000,45.662100000,45.908900000,46.108400000,53.450900000,,,,4000000,7f7f0feb1262ea4367d38992ce2d4a6c253da786fc325f50722a0be9867b7d3f,16294208416658607535,combined,valid
9,Register,register,CRDT,InfiniBand,293fd3d581527e0a95adf7ae535ffd82284f654d,2024524,ac029;ac046;ac057;ac067;ac088;ac090;ac093;ac105;ac108,ac029,ac046;ac057;ac067;ac088;ac090,5,4000000,15,none,0,,5,0.345839000,12.459500000,12459500.000,0.365034000,0.320904000,0.401124000,0.289351000,0.352782000,,,,12.463800000,12.459500000,12.464000000,12.484600000,12.463900000,,,,4000000,5cc821d530856352ccaf5122d456cf3afc3a19e17c8e90f2f67228b0e1faed92,6687933872670560489,combined,valid
9,Register,register,CRDT,InfiniBand,293fd3d581527e0a95adf7ae535ffd82284f654d,2024524,ac029;ac046;ac057;ac067;ac088;ac090;ac093;ac105;ac108,ac029,ac046;ac057;ac067;ac088;ac090,5,4000000,20,none,0,,5,0.424837000,10.408000000,10408000.000,0.439960000,0.402025000,0.479790000,0.356967000,0.445443000,,,,10.408400000,10.409700000,10.420500000,10.411300000,10.408000000,,,,4000000,fe33c1532b0e9a05b34c0ed0214ffbab595b2d9aa3112fd1774e3ddf5d7b48e1,5443665844120006376,combined,valid
9,Register,register,CRDT,InfiniBand,293fd3d581527e0a95adf7ae535ffd82284f654d,2024524,ac029;ac046;ac057;ac067;ac088;ac090;ac093;ac105;ac108,ac029,ac046;ac057;ac067;ac088;ac090,5,4000000,25,none,0,,5,0.560487800,6.646640000,6646640.000,0.531125000,0.752094000,0.572087000,0.413956000,0.533177000,,,,6.648680000,6.647400000,6.651090000,6.646640000,6.648350000,,,,4000000,c40b47d2bceaa3a9fcc8f02e386a6cb783deede76727e3bed81d57db7ff8636c,2340378316104112148,combined,valid
9,Register,register,CRDT,InfiniBand,293fd3d581527e0a95adf7ae535ffd82284f654d,2024524,ac029;ac046;ac057;ac067;ac088;ac090;ac093;ac105;ac108,ac029,ac046;ac057;ac067;ac088;ac090;ac093,6,4000000,0,none,0,,6,0.101950100,55.104000000,55104000.000,0.098359500,0.108009000,0.108847000,0.101833000,0.092967100,0.101685000,,,60.977500000,55.530100000,55.104000000,58.898900000,64.514000000,58.984900000,,,4000000,f9143c2e4ecbf51f12b4b02e61152d4038c25b2699a385eb359d64189fe01ac6,16294208416658607535,combined,valid
9,Register,register,CRDT,InfiniBand,293fd3d581527e0a95adf7ae535ffd82284f654d,2024524,ac029;ac046;ac057;ac067;ac088;ac090;ac093;ac105;ac108,ac029,ac046;ac057;ac067;ac088;ac090;ac093,6,4000000,15,none,0,,6,0.428332500,9.969050000,9969050.000,0.428535000,0.601539000,0.442639000,0.344229000,0.412485000,0.340568000,,,9.969050000,9.972970000,9.983830000,9.973740000,9.975290000,9.972150000,,,4000000,f646580bfc6f55efed4ae01396ad2e2fbda1d417ea08440cd30af876c312721b,4223140173072068417,combined,valid
9,Register,register,CRDT,InfiniBand,293fd3d581527e0a95adf7ae535ffd82284f654d,2024524,ac029;ac046;ac057;ac067;ac088;ac090;ac093;ac105;ac108,ac029,ac046;ac057;ac067;ac088;ac090;ac093,6,4000000,20,none,0,,6,0.484154500,11.120300000,11120300.000,0.539518000,0.467896000,0.538251000,0.429382000,0.505534000,0.424346000,,,11.120300000,11.125800000,11.138200000,11.126800000,11.123500000,11.122200000,,,4000000,2bbd42a805c9f1ec947dd32b01cb8cec7ec8259695eed98169dea0c839766ef5,3667728089795913208,combined,valid
9,Register,register,CRDT,InfiniBand,293fd3d581527e0a95adf7ae535ffd82284f654d,2024524,ac029;ac046;ac057;ac067;ac088;ac090;ac093;ac105;ac108,ac029,ac046;ac057;ac067;ac088;ac090;ac093,6,4000000,25,none,0,,6,0.582419000,8.711120000,8711120.000,0.651285000,0.542788000,0.688374000,0.493378000,0.614132000,0.504557000,,,8.711120000,8.712770000,8.715660000,8.724940000,8.711600000,8.713250000,,,4000000,d4b13154ca1510d5bb313925e7ab3f6bf0ca2ae24d59c2c698f2c9cda621b967,5632101209105781023,combined,valid
9,Register,register,CRDT,InfiniBand,293fd3d581527e0a95adf7ae535ffd82284f654d,2024524,ac029;ac046;ac057;ac067;ac088;ac090;ac093;ac105;ac108,ac029,ac046;ac057;ac067;ac088;ac090;ac093;ac105,7,4000000,0,none,0,,7,0.104197786,61.208900000,61208900.000,0.096146700,0.113209000,0.109860000,0.100562000,0.093717800,0.101575000,0.114314000,,72.780200000,61.811400000,63.698300000,69.582200000,74.661700000,68.884800000,61.208900000,,4000000,ca5666e69e6ad7bbcb90502be80a8e5bbb71c9aeed773b4ba015f2e974e92def,16294208416658607535,combined,valid
9,Register,register,CRDT,InfiniBand,293fd3d581527e0a95adf7ae535ffd82284f654d,2024524,ac029;ac046;ac057;ac067;ac088;ac090;ac093;ac105;ac108,ac029,ac046;ac057;ac067;ac088;ac090;ac093;ac105,7,4000000,15,none,0,,7,0.426725000,14.595700000,14595700.000,0.479391000,0.412100000,0.468266000,0.369111000,0.438498000,0.374696000,0.445013000,,14.600500000,14.602100000,14.599000000,14.602600000,14.595700000,14.599700000,14.656200000,,4000000,3ec69ab66b97a744e8ff1f342d1ac97f29ea29ae2f0b3cde431ebb6accc2c2a9,6601196645648541325,combined,valid
9,Register,register,CRDT,InfiniBand,293fd3d581527e0a95adf7ae535ffd82284f654d,2024524,ac029;ac046;ac057;ac067;ac088;ac090;ac093;ac105;ac108,ac029,ac046;ac057;ac067;ac088;ac090;ac093;ac105,7,4000000,20,none,0,,7,0.530404571,11.549200000,11549200.000,0.606058000,0.495768000,0.596536000,0.467614000,0.556187000,0.468538000,0.522131000,,11.549200000,11.564700000,11.557800000,11.556700000,11.549300000,11.554900000,11.555400000,,4000000,22acdab95db991562833118859b7b4def734b7309e73602af206bcbc86981ad6,2574471596329905056,combined,valid
9,Register,register,CRDT,InfiniBand,293fd3d581527e0a95adf7ae535ffd82284f654d,2024524,ac029;ac046;ac057;ac067;ac088;ac090;ac093;ac105;ac108,ac029,ac046;ac057;ac067;ac088;ac090;ac093;ac105,7,4000000,25,none,0,,7,0.628547000,9.529120000,9529120.000,0.734436000,0.573410000,0.733652000,0.539194000,0.671203000,0.547255000,0.600679000,,9.530530000,9.529120000,9.530140000,9.531070000,9.530710000,9.529140000,9.555410000,,4000000,79ee24354fde97cdd70e09e70fc29d2551d7bdfda4b0ad074a9dd03378b310db,2336922684237247396,combined,valid
9,Register,register,CRDT,InfiniBand,293fd3d581527e0a95adf7ae535ffd82284f654d,2024524,ac029;ac046;ac057;ac067;ac088;ac090;ac093;ac105;ac108,ac029,ac046;ac057;ac067;ac088;ac090;ac093;ac105;ac108,8,4000000,0,none,0,,8,0.103466750,69.823900000,69823900.000,0.100330000,0.114506000,0.110594000,0.099934000,0.093936000,0.101134000,0.114216000,0.093084000,79.697200000,69.823900000,72.304000000,80.017600000,85.120900000,79.063900000,70.013300000,85.905100000,4000000,6dbe1218c8e45c507c34fd04ccb9fc89d08a0e30ce4cab54383f8ee740aa26cc,16294208416658607535,combined,valid
9,Register,register,CRDT,InfiniBand,293fd3d581527e0a95adf7ae535ffd82284f654d,2024524,ac029;ac046;ac057;ac067;ac088;ac090;ac093;ac105;ac108,ac029,ac046;ac057;ac067;ac088;ac090;ac093;ac105;ac108,8,4000000,15,none,0,,8,0.446538500,15.014600000,15014600.000,0.532624000,0.429220000,0.508036000,0.402494000,0.464890000,0.409378000,0.448700000,0.376966000,15.018600000,15.017200000,15.018000000,15.047800000,15.025000000,15.024200000,15.014600000,15.019600000,4000000,339e75aaa033adc47fb877cebd1f191bbb3ea9a32edb0b2182b64384dcffda99,10750447848719954938,combined,valid
9,Register,register,CRDT,InfiniBand,293fd3d581527e0a95adf7ae535ffd82284f654d,2024524,ac029;ac046;ac057;ac067;ac088;ac090;ac093;ac105;ac108,ac029,ac046;ac057;ac067;ac088;ac090;ac093;ac105;ac108,8,4000000,20,none,0,,8,0.559590000,11.902500000,11902500.000,0.671948000,0.548842000,0.632028000,0.494074000,0.607528000,0.492460000,0.563940000,0.465900000,11.904800000,11.917200000,11.907100000,11.902500000,11.906300000,11.906900000,11.906100000,11.907800000,4000000,af64600a4bddd4e76f69e3615924629ffee1070d2573f1547c11344f108aabab,16250057122947233998,combined,valid
9,Register,register,CRDT,InfiniBand,293fd3d581527e0a95adf7ae535ffd82284f654d,2024524,ac029;ac046;ac057;ac067;ac088;ac090;ac093;ac105;ac108,ac029,ac046;ac057;ac067;ac088;ac090;ac093;ac105;ac108,8,4000000,25,none,0,,8,0.681992000,9.642620000,9642620.000,0.829480000,0.666450000,0.773262000,0.608670000,0.734538000,0.597186000,0.671962000,0.574388000,9.644040000,9.644020000,9.642950000,9.644430000,9.643880000,9.642620000,9.666670000,9.644360000,4000000,80a0b32de34459168d49515f3a252c3475cb8f8e4b1d9a4acd4562ef1d9ebccf,7868390997861560788,combined,valid
9,2P-Set,twopset,CRDT,InfiniBand,293fd3d581527e0a95adf7ae535ffd82284f654d,2024524,ac029;ac046;ac057;ac067;ac088;ac090;ac093;ac105;ac108,ac029,ac046;ac057;ac067,3,4000000,0,none,0,,3,0.072633267,37.786100000,37786100.000,0.065421000,0.079366500,0.073112300,,,,,,45.843700000,37.786100000,41.021000000,,,,,,4000000,2e733693876fc4c286876192bb780e4f217c67afb6e2b7a1bd4969dfbaadb7bd,0,combined,valid
9,2P-Set,twopset,CRDT,InfiniBand,293fd3d581527e0a95adf7ae535ffd82284f654d,2024524,ac029;ac046;ac057;ac067;ac088;ac090;ac093;ac105;ac108,ac029,ac046;ac057;ac067,3,4000000,15,none,0,,3,0.422891667,4.921120000,4921120.000,0.308689000,0.609494000,0.350492000,,,,,,4.921120000,4.921770000,4.923590000,,,,,,4000000,51d7e77140de687a92343797b1106a01c47c96ba5af77fda3f5caa335ff82635,4865678677243008054,combined,valid
9,2P-Set,twopset,CRDT,InfiniBand,293fd3d581527e0a95adf7ae535ffd82284f654d,2024524,ac029;ac046;ac057;ac067;ac088;ac090;ac093;ac105;ac108,ac029,ac046;ac057;ac067,3,4000000,20,none,0,,3,0.413825667,6.851810000,6851810.000,0.378341000,0.437718000,0.425418000,,,,,,6.851810000,6.853340000,6.859460000,,,,,,4000000,456ed12f22cc302fe1a8e982dd038cbb18e923d9bd2a021a37cdb0a32d466c95,2145364299168620076,combined,valid
9,2P-Set,twopset,CRDT,InfiniBand,293fd3d581527e0a95adf7ae535ffd82284f654d,2024524,ac029;ac046;ac057;ac067;ac088;ac090;ac093;ac105;ac108,ac029,ac046;ac057;ac067,3,4000000,25,none,0,,3,0.533351333,5.273450000,5273450.000,0.496483000,0.534987000,0.568584000,,,,,,5.273680000,5.273450000,5.276060000,,,,,,4000000,b7bbf7507d846814d2db4b84bd2e3bf5b9ede3970036eddab85c3fb99638d5c3,2066860298982049476,combined,valid
9,2P-Set,twopset,CRDT,InfiniBand,293fd3d581527e0a95adf7ae535ffd82284f654d,2024524,ac029;ac046;ac057;ac067;ac088;ac090;ac093;ac105;ac108,ac029,ac046;ac057;ac067;ac088,4,4000000,0,none,0,,4,0.072153500,52.887000000,52887000.000,0.068840000,0.075599000,0.072467000,0.071708000,,,,,58.085500000,52.887000000,55.176200000,55.763900000,,,,,4000000,81fa9a5bc75e66a17f3904110ab6a317072e53583dc051a08de4c8c1e57a962a,0,combined,valid
9,2P-Set,twopset,CRDT,InfiniBand,293fd3d581527e0a95adf7ae535ffd82284f654d,2024524,ac029;ac046;ac057;ac067;ac088;ac090;ac093;ac105;ac108,ac029,ac046;ac057;ac067;ac088,4,4000000,15,none,0,,4,0.390019250,8.551810000,8551810.000,0.353050000,0.435605000,0.412898000,0.358524000,,,,,9.173430000,8.551810000,9.178350000,9.176400000,,,,,4000000,68946e038083746ad4004bcb781279439df1b6966f5d4ba745e3da26cc0ec146,4865678677243008054,combined,valid
9,2P-Set,twopset,CRDT,InfiniBand,293fd3d581527e0a95adf7ae535ffd82284f654d,2024524,ac029;ac046;ac057;ac067;ac088;ac090;ac093;ac105;ac108,ac029,ac046;ac057;ac067;ac088,4,4000000,20,none,0,,4,0.517099750,6.839370000,6839370.000,0.511819000,0.496558000,0.584252000,0.475770000,,,,,6.839370000,6.840480000,6.846020000,6.839550000,,,,,4000000,757d6ce74767ddf4dcccfaadb2ebee030a069c43f2956d1c5299599b968c05b6,2145364299168620076,combined,valid
9,2P-Set,twopset,CRDT,InfiniBand,293fd3d581527e0a95adf7ae535ffd82284f654d,2024524,ac029;ac046;ac057;ac067;ac088;ac090;ac093;ac105;ac108,ac029,ac046;ac057;ac067;ac088,4,4000000,25,none,0,,4,0.655498500,4.784050000,4784050.000,0.650388000,0.691252000,0.720436000,0.559918000,,,,,5.546670000,4.784050000,5.362610000,5.546860000,,,,,4000000,ef1f2dd54b5a4ab78b07a9f4afe9b07f7487ac582d7bf0269cc7cb50bf474758,2066860298982049476,combined,valid
9,2P-Set,twopset,CRDT,InfiniBand,293fd3d581527e0a95adf7ae535ffd82284f654d,2024524,ac029;ac046;ac057;ac067;ac088;ac090;ac093;ac105;ac108,ac029,ac046;ac057;ac067;ac088;ac090,5,4000000,0,none,0,,5,0.069703720,67.200900000,67200900.000,0.066471200,0.073676200,0.074370000,0.070701200,0.063300000,,,,75.168200000,67.835700000,67.200900000,70.691400000,78.953100000,,,,4000000,bdc907a4c9a065fd4783429da74b664af451531efd37d24aacbed220994a34c8,0,combined,valid
9,2P-Set,twopset,CRDT,InfiniBand,293fd3d581527e0a95adf7ae535ffd82284f654d,2024524,ac029;ac046;ac057;ac067;ac088;ac090;ac093;ac105;ac108,ac029,ac046;ac057;ac067;ac088;ac090,5,4000000,15,none,0,,5,0.460151600,7.813480000,7813480.000,0.472391000,0.490816000,0.504093000,0.394754000,0.438704000,,,,9.903390000,7.813480000,9.354690000,9.907880000,9.904670000,,,,4000000,8d722446719b2e09f127b53a503448ba93e01423bb588f6f60c1b3d9bc543ed4,4865678677243008054,combined,valid
9,2P-Set,twopset,CRDT,InfiniBand,293fd3d581527e0a95adf7ae535ffd82284f654d,2024524,ac029;ac046;ac057;ac067;ac088;ac090;ac093;ac105;ac108,ac029,ac046;ac057;ac067;ac088;ac090,5,4000000,20,none,0,,5,0.555010000,7.676250000,7676250.000,0.575216000,0.529892000,0.617128000,0.513355000,0.539459000,,,,8.092680000,7.676250000,7.872930000,7.898890000,8.094410000,,,,4000000,704a6e4bbfeb10f95a97802acae14c53f6cb7c4fea2ac2c9965883b39896f668,2145364299168620076,combined,valid
9,2P-Set,twopset,CRDT,InfiniBand,293fd3d581527e0a95adf7ae535ffd82284f654d,2024524,ac029;ac046;ac057;ac067;ac088;ac090;ac093;ac105;ac108,ac029,ac046;ac057;ac067;ac088;ac090,5,4000000,25,none,0,,5,0.688748800,4.617110000,4617110.000,0.698723000,0.724700000,0.751209000,0.616421000,0.652691000,,,,6.654110000,4.617110000,6.655370000,5.958990000,6.653570000,,,,4000000,658f6ce94fe4a94cf0f688ed7f70027e92cf29d0f50f15504f0bfb2eb8cae974,2066860298982049476,combined,valid
9,2P-Set,twopset,CRDT,InfiniBand,293fd3d581527e0a95adf7ae535ffd82284f654d,2024524,ac029;ac046;ac057;ac067;ac088;ac090;ac093;ac105;ac108,ac029,ac046;ac057;ac067;ac088;ac090;ac093,6,4000000,0,none,0,,6,0.068470283,80.448900000,80448900.000,0.064572000,0.074541000,0.074505000,0.067714500,0.061666600,0.067822600,,,92.874200000,80.448900000,80.491000000,88.562200000,97.245500000,88.421200000,,,4000000,a9bb04a3b007d800b86f035a3850f6590556cc9c7683a60a8026f9012b480e9e,0,combined,valid
9,2P-Set,twopset,CRDT,InfiniBand,293fd3d581527e0a95adf7ae535ffd82284f654d,2024524,ac029;ac046;ac057;ac067;ac088;ac090;ac093;ac105;ac108,ac029,ac046;ac057;ac067;ac088;ac090;ac093,6,4000000,15,none,0,,6,0.486798000,8.079210000,8079210.000,0.454255000,0.742405000,0.491692000,0.413221000,0.449292000,0.369923000,,,8.082800000,8.080870000,8.080500000,8.090340000,8.080550000,8.079210000,,,4000000,0bad2284ab4bcc52ab70cef74fc0cf092e3356cc18971e345fd5b73d74fd43f1,4865678677243008054,combined,valid
9,2P-Set,twopset,CRDT,InfiniBand,293fd3d581527e0a95adf7ae535ffd82284f654d,2024524,ac029;ac046;ac057;ac067;ac088;ac090;ac093;ac105;ac108,ac029,ac046;ac057;ac067;ac088;ac090;ac093,6,4000000,20,none,0,,6,0.593456833,5.718420000,5718420.000,0.632701000,0.639261000,0.669486000,0.546670000,0.577489000,0.495134000,,,8.951270000,5.718420000,7.869710000,7.671890000,8.951790000,8.954150000,,,4000000,3be525691cbe17de217e0861f5c2b54ea378889002988c84d310d943b3c18c65,2145364299168620076,combined,valid
9,2P-Set,twopset,CRDT,InfiniBand,293fd3d581527e0a95adf7ae535ffd82284f654d,2024524,ac029;ac046;ac057;ac067;ac088;ac090;ac093;ac105;ac108,ac029,ac046;ac057;ac067;ac088;ac090;ac093,6,4000000,25,none,0,,6,0.764070667,5.675430000,5675430.000,0.844993000,0.762037000,0.852280000,0.667539000,0.751556000,0.706019000,,,6.409700000,5.694230000,5.675430000,6.348540000,7.035900000,5.908040000,,,4000000,1a39d006383cdef35bfed44555e685410419a5f05c24e6bad1b565d7e3519eff,2066860298982049476,combined,valid
9,2P-Set,twopset,CRDT,InfiniBand,293fd3d581527e0a95adf7ae535ffd82284f654d,2024524,ac029;ac046;ac057;ac067;ac088;ac090;ac093;ac105;ac108,ac029,ac046;ac057;ac067;ac088;ac090;ac093;ac105,7,4000000,0,none,0,,7,0.069238500,91.943500000,91943500.000,0.065360700,0.073067700,0.073503400,0.064482200,0.062643100,0.069522300,0.076090100,,107.021000000,95.748800000,95.176900000,108.486000000,111.641000000,100.619000000,91.943500000,,4000000,d0e7701f5c166dd7af5cd3952e58bfb58aac3ffebd9becad1b876cd77ec8a6e9,0,combined,valid
9,2P-Set,twopset,CRDT,InfiniBand,293fd3d581527e0a95adf7ae535ffd82284f654d,2024524,ac029;ac046;ac057;ac067;ac088;ac090;ac093;ac105;ac108,ac029,ac046;ac057;ac067;ac088;ac090;ac093;ac105,7,4000000,15,none,0,,7,0.531506429,7.553040000,7553040.000,0.567290000,0.565054000,0.608555000,0.495817000,0.515377000,0.446138000,0.522314000,,11.496200000,7.553040000,10.752900000,10.059500000,11.498400000,11.501000000,9.486680000,,4000000,aef70a41dbc2861ddbcb1c022131e4052d9b8836b4611273873f4aaaea17b105,4865678677243008054,combined,valid
9,2P-Set,twopset,CRDT,InfiniBand,293fd3d581527e0a95adf7ae535ffd82284f654d,2024524,ac029;ac046;ac057;ac067;ac088;ac090;ac093;ac105;ac108,ac029,ac046;ac057;ac067;ac088;ac090;ac093;ac105,7,4000000,20,none,0,,7,0.724616857,4.375690000,4375690.000,0.712288000,0.924138000,0.781807000,0.660707000,0.718418000,0.566920000,0.708040000,,7.568820000,4.375690000,7.568650000,7.567200000,7.568260000,7.568660000,6.672670000,,4000000,926a329e0a4a3c9e5bbb98d4d9d170ba3bfc4f61371c2d957e1b622493ed10c6,2145364299168620076,combined,valid
9,2P-Set,twopset,CRDT,InfiniBand,293fd3d581527e0a95adf7ae535ffd82284f654d,2024524,ac029;ac046;ac057;ac067;ac088;ac090;ac093;ac105;ac108,ac029,ac046;ac057;ac067;ac088;ac090;ac093;ac105,7,4000000,25,none,0,,7,0.885134429,5.295290000,5295290.000,0.974814000,0.812118000,0.999365000,0.777804000,0.914500000,0.845463000,0.871877000,,6.154760000,5.295290000,5.401960000,5.864400000,7.002810000,5.666530000,5.331060000,,4000000,38444a4536479fc88cfd5f20c15adfec8d70d51301b1cb1804b292ade92ad629,2066860298982049476,combined,valid
9,2P-Set,twopset,CRDT,InfiniBand,293fd3d581527e0a95adf7ae535ffd82284f654d,2024524,ac029;ac046;ac057;ac067;ac088;ac090;ac093;ac105;ac108,ac029,ac046;ac057;ac067;ac088;ac090;ac093;ac105;ac108,8,4000000,0,none,0,,8,0.069098000,105.717000000,105717000.000,0.063282000,0.073650000,0.073350000,0.075144000,0.062264000,0.066860000,0.075620000,0.062614000,126.350000000,108.548000000,108.995000000,106.400000000,128.403000000,119.539000000,105.717000000,127.641000000,4000000,a53e392b55644b9e0cf93eb8059909fee2cd6daf02b14d5da65e32ccfef26c95,0,combined,valid
9,2P-Set,twopset,CRDT,InfiniBand,293fd3d581527e0a95adf7ae535ffd82284f654d,2024524,ac029;ac046;ac057;ac067;ac088;ac090;ac093;ac105;ac108,ac029,ac046;ac057;ac067;ac088;ac090;ac093;ac105;ac108,8,4000000,15,none,0,,8,0.532914750,9.974470000,9974470.000,0.563066000,0.530888000,0.620590000,0.492600000,0.572040000,0.445104000,0.572654000,0.466376000,12.884800000,9.974470000,11.691700000,10.531600000,12.892600000,12.889500000,10.560200000,12.885900000,4000000,9a255d0f053dc6ead0d3e52ed598e7e4489570f01e79a7c75253eabec11a5c7c,4865678677243008054,combined,valid
9,2P-Set,twopset,CRDT,InfiniBand,293fd3d581527e0a95adf7ae535ffd82284f654d,2024524,ac029;ac046;ac057;ac067;ac088;ac090;ac093;ac105;ac108,ac029,ac046;ac057;ac067;ac088;ac090;ac093;ac105;ac108,8,4000000,20,none,0,,8,0.707515500,5.436570000,5436570.000,0.727354000,0.786146000,0.811336000,0.670474000,0.706970000,0.618982000,0.737644000,0.601218000,9.858460000,5.436570000,8.851540000,7.630210000,9.857050000,9.428310000,6.910850000,9.858700000,4000000,4c03f3ddb33f141c706167958d9b6e78da6243167b5bdd400af348d130efbc7a,2145364299168620076,combined,valid
9,2P-Set,twopset,CRDT,InfiniBand,293fd3d581527e0a95adf7ae535ffd82284f654d,2024524,ac029;ac046;ac057;ac067;ac088;ac090;ac093;ac105;ac108,ac029,ac046;ac057;ac067;ac088;ac090;ac093;ac105;ac108,8,4000000,25,none,0,,8,0.900244000,5.383700000,5383700.000,1.002830000,0.838110000,1.067160000,0.790380000,0.990832000,0.846696000,0.902286000,0.763658000,6.647910000,6.006410000,5.662640000,6.338700000,7.495800000,5.546290000,5.383700000,6.936110000,4000000,5397c619ad4f50b3b3f8b9607ea3001a5591d9e70c33529799e555884ffdad5b,2066860298982049476,combined,valid
10,Account,account,WRDT,InfiniBand,293fd3d581527e0a95adf7ae535ffd82284f654d,2024524,ac029;ac046;ac057;ac067;ac088;ac090;ac093;ac105;ac108,ac029,ac046;ac057;ac067,3,4000000,0,none,0,,3,0.056803733,36.349800000,36349800.000,0.058872900,0.057858200,0.053680100,,,,,,40.089000000,36.349800000,36.978800000,,,,,,4000000,2e733693876fc4c286876192bb780e4f217c67afb6e2b7a1bd4969dfbaadb7bd,14043790391931691643,split,valid
10,Account,account,WRDT,InfiniBand,293fd3d581527e0a95adf7ae535ffd82284f654d,2024524,ac029;ac046;ac057;ac067;ac088;ac090;ac093;ac105;ac108,ac029,ac046;ac057;ac067,3,4000000,15,none,0,,3,0.222443000,9.200290000,9200290.000,0.298214000,0.206926000,0.162189000,,,,,,9.205120000,9.200290000,9.201710000,,,,,,4000000,39c3c22a46ef44dde81dfa5e74248ce52a42c0f11ab9281d88acdee667c8566e,117121267474849683,split,valid
10,Account,account,WRDT,InfiniBand,293fd3d581527e0a95adf7ae535ffd82284f654d,2024524,ac029;ac046;ac057;ac067;ac088;ac090;ac093;ac105;ac108,ac029,ac046;ac057;ac067,3,4000000,20,none,0,,3,0.272796333,7.004760000,7004760.000,0.377090000,0.238130000,0.203169000,,,,,,7.004760000,7.008690000,7.004800000,,,,,,4000000,392f5777d6870e30e2b7775749d395fdfe681afebf1f50d8d23730c5e3446553,13283194657606649361,split,valid
10,Account,account,WRDT,InfiniBand,293fd3d581527e0a95adf7ae535ffd82284f654d,2024524,ac029;ac046;ac057;ac067;ac088;ac090;ac093;ac105;ac108,ac029,ac046;ac057;ac067,3,4000000,25,none,0,,3,0.338595667,6.011180000,6011180.000,0.473887000,0.319881000,0.222019000,,,,,,6.011500000,6.013910000,6.011180000,,,,,,4000000,ba0d5c9321020b123875a07722bcabdddd17fc658a403617f7c7df7fe6196c1e,1829149913114650155,split,valid
10,Account,account,WRDT,InfiniBand,293fd3d581527e0a95adf7ae535ffd82284f654d,2024524,ac029;ac046;ac057;ac067;ac088;ac090;ac093;ac105;ac108,ac029,ac046;ac057;ac067;ac088,4,4000000,0,none,0,,4,0.055248450,48.735900000,48735900.000,0.059143200,0.058435900,0.052726300,0.050688400,,,,,54.426200000,48.735900000,51.065400000,53.082800000,,,,,4000000,81fa9a5bc75e66a17f3904110ab6a317072e53583dc051a08de4c8c1e57a962a,14043790391931691643,split,valid
10,Account,account,WRDT,InfiniBand,293fd3d581527e0a95adf7ae535ffd82284f654d,2024524,ac029;ac046;ac057;ac067;ac088;ac090;ac093;ac105;ac108,ac029,ac046;ac057;ac067;ac088,4,4000000,15,none,0,,4,0.278260750,8.310580000,8310580.000,0.494483000,0.279410000,0.188802000,0.150348000,,,,,8.314440000,8.311010000,8.310580000,8.310960000,,,,,4000000,ed201e10eeefddee1d1f250e9d31e5d4acf6960665e74121c0cf6e69357ebbb7,117121267474849683,split,valid
10,Account,account,WRDT,InfiniBand,293fd3d581527e0a95adf7ae535ffd82284f654d,2024524,ac029;ac046;ac057;ac067;ac088;ac090;ac093;ac105;ac108,ac029,ac046;ac057;ac067;ac088,4,4000000,20,none,0,,4,0.348279250,6.271240000,6271240.000,0.607912000,0.370209000,0.222932000,0.192064000,,,,,6.272430000,6.271240000,6.276060000,6.272630000,,,,,4000000,703f81374705a8a9b237146adf4788589ffa74d3d11de9b049017327187a8b6f,13283194657606649361,split,valid
10,Account,account,WRDT,InfiniBand,293fd3d581527e0a95adf7ae535ffd82284f654d,2024524,ac029;ac046;ac057;ac067;ac088;ac090;ac093;ac105;ac108,ac029,ac046;ac057;ac067;ac088,4,4000000,25,none,0,,4,0.398474500,4.900200000,4900200.000,0.769702000,0.341424000,0.279149000,0.203623000,,,,,4.901140000,4.900200000,4.900820000,4.901070000,,,,,4000000,92214968e6992fb7b19b58e2e31f27370320f74e598f863978f570de91b772f4,1829149913114650155,split,valid
10,Account,account,WRDT,InfiniBand,293fd3d581527e0a95adf7ae535ffd82284f654d,2024524,ac029;ac046;ac057;ac067;ac088;ac090;ac093;ac105;ac108,ac029,ac046;ac057;ac067;ac088;ac090,5,4000000,0,none,0,,5,0.051963500,56.678100000,56678100.000,0.058675100,0.052884300,0.052456300,0.049572900,0.046228900,,,,68.090900000,56.678100000,62.861500000,67.915200000,74.349400000,,,,4000000,bdc907a4c9a065fd4783429da74b664af451531efd37d24aacbed220994a34c8,14043790391931691643,split,valid
10,Account,account,WRDT,InfiniBand,293fd3d581527e0a95adf7ae535ffd82284f654d,2024524,ac029;ac046;ac057;ac067;ac088;ac090;ac093;ac105;ac108,ac029,ac046;ac057;ac067;ac088;ac090,5,4000000,15,none,0,,5,0.325162000,6.406830000,6406830.000,0.732333000,0.276262000,0.224921000,0.200653000,0.191641000,,,,6.408200000,6.407580000,6.412280000,6.406830000,6.409470000,,,,4000000,90dcab5e7891128c93f42aa180d437de8621efedd25143a63dd266b97fd5bc8f,117121267474849683,split,valid
10,Account,account,WRDT,InfiniBand,293fd3d581527e0a95adf7ae535ffd82284f654d,2024524,ac029;ac046;ac057;ac067;ac088;ac090;ac093;ac105;ac108,ac029,ac046;ac057;ac067;ac088;ac090,5,4000000,20,none,0,,5,0.448735400,4.911370000,4911370.000,1.000630000,0.483699000,0.295537000,0.228694000,0.235117000,,,,4.912800000,4.911860000,4.912090000,4.911370000,4.912030000,,,,4000000,63a91c960037d54c94691035b1e9c85fb87052e9041118aaab9bcdac56e3a830,13283194657606649361,split,valid
10,Account,account,WRDT,InfiniBand,293fd3d581527e0a95adf7ae535ffd82284f654d,2024524,ac029;ac046;ac057;ac067;ac088;ac090;ac093;ac105;ac108,ac029,ac046;ac057;ac067;ac088;ac090,5,4000000,25,none,0,,5,0.513349800,3.827190000,3827190.000,1.227970000,0.351105000,0.398784000,0.278380000,0.310510000,,,,3.828160000,3.827410000,3.827850000,3.827670000,3.827190000,,,,4000000,c8d2cb810225c4b67f4dedbbc62097547414a24f3f7c5d1067446e58520aeeda,1829149913114650155,split,valid
10,Account,account,WRDT,InfiniBand,293fd3d581527e0a95adf7ae535ffd82284f654d,2024524,ac029;ac046;ac057;ac067;ac088;ac090;ac093;ac105;ac108,ac029,ac046;ac057;ac067;ac088;ac090;ac093,6,4000000,0,none,0,,6,0.051960017,65.525400000,65525400.000,0.058965800,0.052903000,0.054724900,0.050907800,0.044611600,0.049647000,,,80.322900000,73.907100000,65.525400000,72.276500000,86.647600000,79.255000000,,,4000000,a9bb04a3b007d800b86f035a3850f6590556cc9c7683a60a8026f9012b480e9e,14043790391931691643,split,valid
10,Account,account,WRDT,InfiniBand,293fd3d581527e0a95adf7ae535ffd82284f654d,2024524,ac029;ac046;ac057;ac067;ac088;ac090;ac093;ac105;ac108,ac029,ac046;ac057;ac067;ac088;ac090;ac093,6,4000000,15,none,0,,6,0.396716000,5.630690000,5630690.000,0.976077000,0.490795000,0.276870000,0.193042000,0.225424000,0.218088000,,,5.632140000,5.916090000,5.631020000,5.630690000,5.631200000,5.639280000,,,4000000,0a05758cfe65e36f1a96598cc666a9ee4c6510b609e3383408a98895bdf0a33a,117121267474849683,split,valid
10,Account,account,WRDT,InfiniBand,293fd3d581527e0a95adf7ae535ffd82284f654d,2024524,ac029;ac046;ac057;ac067;ac088;ac090;ac093;ac105;ac108,ac029,ac046;ac057;ac067;ac088;ac090;ac093,6,4000000,20,none,0,,6,0.497392333,4.839390000,4839390.000,1.304750000,0.522286000,0.377301000,0.242287000,0.286107000,0.251623000,,,4.841150000,4.840040000,4.839400000,4.840270000,4.839390000,4.839650000,,,4000000,5fe9e795edf0051d16f73b57e8ac820ef0f5847675321848875f83ce3d46034e,13283194657606649361,split,valid
10,Account,account,WRDT,InfiniBand,293fd3d581527e0a95adf7ae535ffd82284f654d,2024524,ac029;ac046;ac057;ac067;ac088;ac090;ac093;ac105;ac108,ac029,ac046;ac057;ac067;ac088;ac090;ac093,6,4000000,25,none,0,,6,0.605558167,3.419850000,3419850.000,1.594790000,0.624773000,0.417256000,0.313923000,0.345766000,0.336841000,,,3.424280000,3.420230000,3.419900000,3.421970000,3.419850000,3.419930000,,,4000000,08844a0f847f88cbc373ab7e4b1ba3dc1741c18beb4ec043824d00ad8c41bc2c,1829149913114650155,split,valid
10,Account,account,WRDT,InfiniBand,293fd3d581527e0a95adf7ae535ffd82284f654d,2024524,ac029;ac046;ac057;ac067;ac088;ac090;ac093;ac105;ac108,ac029,ac046;ac057;ac067;ac088;ac090;ac093;ac105,7,4000000,0,none,0,,7,0.052471500,69.149100000,69149100.000,0.059052800,0.052731000,0.055001200,0.048670900,0.044387100,0.050116200,0.057341300,,95.025400000,69.149100000,83.413300000,92.038700000,101.340000000,92.601200000,80.487800000,,4000000,d0e7701f5c166dd7af5cd3952e58bfb58aac3ffebd9becad1b876cd77ec8a6e9,14043790391931691643,split,valid
10,Account,account,WRDT,InfiniBand,293fd3d581527e0a95adf7ae535ffd82284f654d,2024524,ac029;ac046;ac057;ac067;ac088;ac090;ac093;ac105;ac108,ac029,ac046;ac057;ac067;ac088;ac090;ac093;ac105,7,4000000,15,none,0,,7,0.457482857,5.370760000,5370760.000,1.385670000,0.542619000,0.305522000,0.220200000,0.255113000,0.238776000,0.254480000,,5.371590000,5.371140000,5.371440000,5.376210000,5.371280000,5.370760000,5.371150000,,4000000,85bf72e497ded502a0895bb35d52fc51c1a4f14060fc8d2f6ec5f517e12f4252,117121267474849683,split,valid
10,Account,account,WRDT,InfiniBand,293fd3d581527e0a95adf7ae535ffd82284f654d,2024524,ac029;ac046;ac057;ac067;ac088;ac090;ac093;ac105;ac108,ac029,ac046;ac057;ac067;ac088;ac090;ac093;ac105,7,4000000,20,none,0,,7,0.558259000,3.943460000,3943460.000,1.724440000,0.578251000,0.373191000,0.249105000,0.343368000,0.297606000,0.341852000,,3.943950000,4.136610000,3.944960000,3.943700000,3.943730000,3.943460000,3.943870000,,4000000,896363ec2428575ceb2176dc3dd116282c44fd985915ffe1a5c15f1d18726592,13283194657606649361,split,valid
10,Account,account,WRDT,InfiniBand,293fd3d581527e0a95adf7ae535ffd82284f654d,2024524,ac029;ac046;ac057;ac067;ac088;ac090;ac093;ac105;ac108,ac029,ac046;ac057;ac067;ac088;ac090;ac093;ac105,7,4000000,25,none,0,,7,0.662385857,3.286880000,3286880.000,2.192570000,0.354905000,0.500799000,0.338561000,0.442697000,0.361813000,0.445356000,,3.287150000,3.287010000,3.286880000,3.287000000,3.287090000,3.289440000,3.287110000,,4000000,4aba748dfdab369567cf8d0f0ecd97828246a2e048780e625fee9368bef20a6f,1829149913114650155,split,valid
10,Account,account,WRDT,InfiniBand,293fd3d581527e0a95adf7ae535ffd82284f654d,2024524,ac029;ac046;ac057;ac067;ac088;ac090;ac093;ac105;ac108,ac029,ac046;ac057;ac067;ac088;ac090;ac093;ac105;ac108,8,4000000,0,none,0,,8,0.052747175,92.310500000,92310500.000,0.059641400,0.057768400,0.055659500,0.049742900,0.044353100,0.049957900,0.056911100,0.047943100,107.564000000,92.310500000,94.649900000,108.584000000,115.038000000,104.357000000,94.077800000,118.137000000,4000000,a53e392b55644b9e0cf93eb8059909fee2cd6daf02b14d5da65e32ccfef26c95,14043790391931691643,split,valid
10,Account,account,WRDT,InfiniBand,293fd3d581527e0a95adf7ae535ffd82284f654d,2024524,ac029;ac046;ac057;ac067;ac088;ac090;ac093;ac105;ac108,ac029,ac046;ac057;ac067;ac088;ac090;ac093;ac105;ac108,8,4000000,15,none,0,,8,0.471098250,4.756450000,4756450.000,1.716040000,0.368094000,0.336330000,0.260468000,0.290565000,0.245343000,0.303331000,0.248615000,4.757190000,4.757950000,5.384980000,4.757150000,4.757220000,4.756450000,4.757460000,4.757470000,4000000,efb8c350177ef42975a6e4d94e7900b5cafeaaba10b120f41d4297e921312158,117121267474849683,split,valid
10,Account,account,WRDT,InfiniBand,293fd3d581527e0a95adf7ae535ffd82284f654d,2024524,ac029;ac046;ac057;ac067;ac088;ac090;ac093;ac105;ac108,ac029,ac046;ac057;ac067;ac088;ac090;ac093;ac105;ac108,8,4000000,20,none,0,,8,0.639020250,3.687980000,3687980.000,2.306790000,0.637197000,0.451066000,0.338926000,0.382237000,0.337020000,0.363693000,0.295233000,3.688230000,3.688530000,3.780310000,3.688250000,3.687980000,3.688150000,3.688320000,3.688100000,4000000,cf3456deea4fd6e9b720fac3c06db1397e85f5b2492afabe3056aceb20426eef,13283194657606649361,split,valid
10,Account,account,WRDT,InfiniBand,293fd3d581527e0a95adf7ae535ffd82284f654d,2024524,ac029;ac046;ac057;ac067;ac088;ac090;ac093;ac105;ac108,ac029,ac046;ac057;ac067;ac088;ac090;ac093;ac105;ac108,8,4000000,25,none,0,,8,0.765796375,2.955730000,2955730.000,2.780030000,0.630978000,0.594704000,0.408655000,0.514218000,0.347003000,0.478522000,0.372261000,2.956070000,2.956440000,2.956030000,2.955870000,2.955730000,2.955780000,2.955900000,2.955890000,4000000,bf68046921794abfe2c182d36aebf7b8d2495b8414bc5ce1828eeff5ef45e13b,1829149913114650155,split,valid
10,Courseware,courseware,WRDT,InfiniBand,293fd3d581527e0a95adf7ae535ffd82284f654d,2024524,ac029;ac046;ac057;ac067;ac088;ac090;ac093;ac105;ac108,ac029,ac046;ac057;ac067,3,4000000,0,none,0,,3,0.054282400,33.796100000,33796100.000,0.048580200,0.058614600,0.055652400,,,,,,40.176000000,33.796100000,34.962000000,,,,,,4000000,cd79ffe29a310f435c27d1a66494790e5c7d13b49ea3485b2108bda120534e36,8489471839804416370,split,valid
10,Courseware,courseware,WRDT,InfiniBand,293fd3d581527e0a95adf7ae535ffd82284f654d,2024524,ac029;ac046;ac057;ac067;ac088;ac090;ac093;ac105;ac108,ac029,ac046;ac057;ac067,3,4000000,15,none,0,,3,0.256082667,6.115520000,6115520.000,0.477762000,0.140156000,0.150330000,,,,,,6.116530000,6.120650000,6.115520000,,,,,,4000000,57f6a91c2874c4da3d470780f5d0629057dc37eb9863d5f3a55d1b9bcd33e830,3643099540125579756,split,valid
10,Courseware,courseware,WRDT,InfiniBand,293fd3d581527e0a95adf7ae535ffd82284f654d,2024524,ac029;ac046;ac057;ac067;ac088;ac090;ac093;ac105;ac108,ac029,ac046;ac057;ac067,3,4000000,20,none,0,,3,0.314136000,4.663230000,4663230.000,0.629907000,0.171603000,0.140898000,,,,,,4.663230000,4.663880000,4.664780000,,,,,,4000000,169153635df208a83340bfddb64c85d8d4fc10011561ba7fa872c0cbe161f2fb,17161854463373921570,split,valid
10,Courseware,courseware,WRDT,InfiniBand,293fd3d581527e0a95adf7ae535ffd82284f654d,2024524,ac029;ac046;ac057;ac067;ac088;ac090;ac093;ac105;ac108,ac029,ac046;ac057;ac067,3,4000000,25,none,0,,3,0.369132333,3.891470000,3891470.000,0.815518000,0.133849000,0.158030000,,,,,,3.892050000,3.893010000,3.891470000,,,,,,4000000,e87c03d43a743a049ca64def5a6830f80509ba9a4835b2bf437774b69b73c31f,951557721325527085,split,valid
10,Courseware,courseware,WRDT,InfiniBand,293fd3d581527e0a95adf7ae535ffd82284f654d,2024524,ac029;ac046;ac057;ac067;ac088;ac090;ac093;ac105;ac108,ac029,ac046;ac057;ac067;ac088,4,4000000,0,none,0,,4,0.053231525,24.493100000,24493100.000,0.048679300,0.053598800,0.055835200,0.054812800,,,,,53.263700000,44.255100000,24.493100000,47.671800000,,,,,4000000,d4b7c48204232c28ca299fc1c7e288db5292ebe47e4d7d0da7f55510bf718652,8489471839804416370,split,valid
10,Courseware,courseware,WRDT,InfiniBand,293fd3d581527e0a95adf7ae535ffd82284f654d,2024524,ac029;ac046;ac057;ac067;ac088;ac090;ac093;ac105;ac108,ac029,ac046;ac057;ac067;ac088,4,4000000,15,none,0,,4,0.310457000,5.179310000,5179310.000,0.771357000,0.229268000,0.125070000,0.116133000,,,,,5.180110000,5.179480000,5.179390000,5.179310000,,,,,4000000,68e08a8ae25a329ea18ac934b1a5e0ff6070035d1b056faf4af2ef22b4f388d2,11040694961795584819,split,valid
10,Courseware,courseware,WRDT,InfiniBand,293fd3d581527e0a95adf7ae535ffd82284f654d,2024524,ac029;ac046;ac057;ac067;ac088;ac090;ac093;ac105;ac108,ac029,ac046;ac057;ac067;ac088,4,4000000,20,none,0,,4,0.366119000,4.171550000,4171550.000,1.009280000,0.163145000,0.156074000,0.135977000,,,,,4.172130000,4.171550000,4.172560000,4.174440000,,,,,4000000,a9aca80205cca687f6e0547303402b5c7e4f29d0a31b4c1bbadfb6b7bed6c91e,3960445864245206930,split,valid
10,Courseware,courseware,WRDT,InfiniBand,293fd3d581527e0a95adf7ae535ffd82284f654d,2024524,ac029;ac046;ac057;ac067;ac088;ac090;ac093;ac105;ac108,ac029,ac046;ac057;ac067;ac088,4,4000000,25,none,0,,4,0.522135250,3.254080000,3254080.000,1.253550000,0.469159000,0.190977000,0.174855000,,,,,3.254080000,3.254690000,3.254200000,3.254180000,,,,,4000000,4c8f8203947fb5031df3e625ffb78770d3e11fcd0eab52ba1f46729acbfadd6b,12432797570809341854,split,valid
10,Courseware,courseware,WRDT,InfiniBand,293fd3d581527e0a95adf7ae535ffd82284f654d,2024524,ac029;ac046;ac057;ac067;ac088;ac090;ac093;ac105;ac108,ac029,ac046;ac057;ac067;ac088;ac090,5,4000000,0,none,0,,5,0.051623060,56.196400000,56196400.000,0.048678900,0.053333100,0.056972600,0.054749600,0.044381100,,,,67.592700000,61.062200000,56.196400000,58.456500000,73.086100000,,,,4000000,33257f941bfedebcc60d6eb9ed57b4ebbe14edcc4c0d9bba465db718197b0156,8489471839804416370,split,valid
10,Courseware,courseware,WRDT,InfiniBand,293fd3d581527e0a95adf7ae535ffd82284f654d,2024524,ac029;ac046;ac057;ac067;ac088;ac090;ac093;ac105;ac108,ac029,ac046;ac057;ac067;ac088;ac090,5,4000000,15,none,0,,5,0.353439200,4.664310000,4664310.000,1.128380000,0.232210000,0.148719000,0.138104000,0.119783000,,,,4.665710000,4.664370000,4.664310000,4.664710000,4.664500000,,,,4000000,4667d1d25fec5df94a08e409d58039353945bf0cc4997f95adbd699bafa4e5c5,17468551297067078391,split,valid
10,Courseware,courseware,WRDT,InfiniBand,293fd3d581527e0a95adf7ae535ffd82284f654d,2024524,ac029;ac046;ac057;ac067;ac088;ac090;ac093;ac105;ac108,ac029,ac046;ac057;ac067;ac088;ac090,5,4000000,20,none,0,,5,0.454286800,3.432890000,3432890.000,1.502510000,0.251916000,0.230230000,0.142431000,0.144347000,,,,3.432930000,3.433080000,3.432890000,3.433360000,3.433190000,,,,4000000,a8c442240b195fe491b65b358435125a575a786a989b107b6ed398f116c36b23,5917439932836411563,split,valid
10,Courseware,courseware,WRDT,InfiniBand,293fd3d581527e0a95adf7ae535ffd82284f654d,2024524,ac029;ac046;ac057;ac067;ac088;ac090;ac093;ac105;ac108,ac029,ac046;ac057;ac067;ac088;ac090,5,4000000,25,none,0,,5,0.528939000,2.837800000,2837800.000,1.868390000,0.256174000,0.188027000,0.163281000,0.168823000,,,,2.838460000,2.837880000,2.837840000,2.837970000,2.837800000,,,,4000000,bf2cbe5e0138e214209208f51b5a6da521fe5b319e120931dd5f7e0b1993affc,8476566681109233459,split,valid
10,Courseware,courseware,WRDT,InfiniBand,293fd3d581527e0a95adf7ae535ffd82284f654d,2024524,ac029;ac046;ac057;ac067;ac088;ac090;ac093;ac105;ac108,ac029,ac046;ac057;ac067;ac088;ac090;ac093,6,4000000,0,none,0,,6,0.051084067,66.131000000,66131000.000,0.048693500,0.053369900,0.054972300,0.054869400,0.044460100,0.050139200,,,77.489300000,66.131000000,70.945900000,71.601200000,87.193500000,76.394200000,,,4000000,54ad6aa14246c85bc20c918cf2579fc5fb672d9b5235ade05f9cfb3079872570,8489471839804416370,split,valid
10,Courseware,courseware,WRDT,InfiniBand,293fd3d581527e0a95adf7ae535ffd82284f654d,2024524,ac029;ac046;ac057;ac067;ac088;ac090;ac093;ac105;ac108,ac029,ac046;ac057;ac067;ac088;ac090;ac093,6,4000000,15,none,0,,6,0.414014667,3.883650000,3883650.000,1.768470000,0.131350000,0.172224000,0.143149000,0.135247000,0.133648000,,,3.884300000,3.884170000,3.883770000,3.886790000,3.883650000,3.883780000,,,4000000,1a77b6b37bbb27dbda7b6d4a579459fe6cf31c166c4faf7a2c9a21731d12b848,950051532599331988,split,valid
10,Courseware,courseware,WRDT,InfiniBand,293fd3d581527e0a95adf7ae535ffd82284f654d,2024524,ac029;ac046;ac057;ac067;ac088;ac090;ac093;ac105;ac108,ac029,ac046;ac057;ac067;ac088;ac090;ac093,6,4000000,20,none,0,,6,0.517598833,2.954610000,2954610.000,2.100940000,0.314513000,0.208655000,0.167590000,0.162062000,0.151833000,,,2.964330000,2.954880000,2.954930000,2.954740000,2.954610000,2.957050000,,,4000000,4f9d52f37a7b6b84dcd827469c84f6eae25649c83e0b3511437f4952040a40cc,2871890850970411945,split,valid
10,Courseware,courseware,WRDT,InfiniBand,293fd3d581527e0a95adf7ae535ffd82284f654d,2024524,ac029;ac046;ac057;ac067;ac088;ac090;ac093;ac105;ac108,ac029,ac046;ac057;ac067;ac088;ac090;ac093,6,4000000,25,none,0,,6,0.631909167,2.399580000,2399580.000,2.462860000,0.500028000,0.244632000,0.193203000,0.204293000,0.186439000,,,2.399620000,2.399640000,2.417990000,2.399670000,2.399580000,2.400790000,,,4000000,e051bce4b15b1c886f6956393bbf7c501d044b24d26b9d2bbba0ffbc8264e56e,18153311919520321899,split,valid
10,Courseware,courseware,WRDT,InfiniBand,293fd3d581527e0a95adf7ae535ffd82284f654d,2024524,ac029;ac046;ac057;ac067;ac088;ac090;ac093;ac105;ac108,ac029,ac046;ac057;ac067;ac088;ac090;ac093;ac105,7,4000000,0,none,0,,7,0.052944014,79.670200000,79670200.000,0.048931900,0.057758300,0.054841700,0.054775600,0.045623800,0.051182300,0.057494500,,94.232900000,82.619000000,83.769600000,83.068600000,101.825000000,94.292900000,79.670200000,,4000000,00470d5df440df51f501677bb9a85d7b247a0589e25a4c5942196731627a84d0,8489471839804416370,split,valid
10,Courseware,courseware,WRDT,InfiniBand,293fd3d581527e0a95adf7ae535ffd82284f654d,2024524,ac029;ac046;ac057;ac067;ac088;ac090;ac093;ac105;ac108,ac029,ac046;ac057;ac067;ac088;ac090;ac093;ac105,7,4000000,15,none,0,,7,0.467923429,3.429480000,3429480.000,2.130400000,0.340091000,0.184557000,0.161444000,0.154915000,0.139944000,0.164113000,,3.429770000,3.535730000,3.430840000,3.429820000,3.429870000,3.429730000,3.429480000,,4000000,8da295a39da72434afced0aaf229d562995af2661f4a261538e91c3c481a231a,8198851010724019429,split,valid
10,Courseware,courseware,WRDT,InfiniBand,293fd3d581527e0a95adf7ae535ffd82284f654d,2024524,ac029;ac046;ac057;ac067;ac088;ac090;ac093;ac105;ac108,ac029,ac046;ac057;ac067;ac088;ac090;ac093;ac105,7,4000000,20,none,0,,7,0.564565429,2.563630000,2563630.000,2.680910000,0.303623000,0.233185000,0.182921000,0.192367000,0.162615000,0.196337000,,2.563900000,2.563630000,2.715320000,2.563710000,2.563750000,2.563750000,2.563690000,,4000000,d9c8f21e18ce822ae4f6d279a30b4999c5a7595f7800f557e2a1b313e0a46682,4340505651861673746,split,valid
10,Courseware,courseware,WRDT,InfiniBand,293fd3d581527e0a95adf7ae535ffd82284f654d,2024524,ac029;ac046;ac057;ac067;ac088;ac090;ac093;ac105;ac108,ac029,ac046;ac057;ac067;ac088;ac090;ac093;ac105,7,4000000,25,none,0,,7,0.608206143,2.069330000,2069330.000,2.624480000,0.483948000,0.273345000,0.210951000,0.235379000,0.195219000,0.234121000,,2.077130000,2.076930000,2.069330000,2.077750000,2.076960000,2.077120000,2.077100000,,4000000,5f56ee982cd0d9ca9fa7c5355f24a7f9786598ff3528aede155a787aba7bac66,18153311919520321899,split,valid
10,Courseware,courseware,WRDT,InfiniBand,293fd3d581527e0a95adf7ae535ffd82284f654d,2024524,ac029;ac046;ac057;ac067;ac088;ac090;ac093;ac105;ac108,ac029,ac046;ac057;ac067;ac088;ac090;ac093;ac105;ac108,8,4000000,0,none,0,,8,0.054625437,89.419400000,89419400.000,0.048465800,0.057790900,0.055027900,0.054618500,0.045316600,0.049434800,0.072169000,0.054180000,106.095000000,96.052300000,95.251700000,95.973900000,115.217000000,106.778000000,89.419400000,115.440000000,4000000,529f8471cf5803fe3fef92850ad5cc21f479e1dea79867cf07bf079ffec99935,8489471839804416370,split,valid
10,Courseware,courseware,WRDT,InfiniBand,293fd3d581527e0a95adf7ae535ffd82284f654d,2024524,ac029;ac046;ac057;ac067;ac088;ac090;ac093;ac105;ac108,ac029,ac046;ac057;ac067;ac088;ac090;ac093;ac105;ac108,8,4000000,15,none,0,,8,0.487198250,3.029270000,3029270.000,2.715590000,0.147979000,0.205755000,0.178443000,0.168360000,0.154757000,0.183647000,0.143055000,3.029480000,3.029740000,3.029450000,3.030860000,3.029540000,3.029450000,3.029270000,3.029380000,4000000,023bedb13d43d1fd8f3cf0146b1c9574eeadf7f82ff18325305076dc8e41ebd1,17903288287919750744,split,valid
10,Courseware,courseware,WRDT,InfiniBand,293fd3d581527e0a95adf7ae535ffd82284f654d,2024524,ac029;ac046;ac057;ac067;ac088;ac090;ac093;ac105;ac108,ac029,ac046;ac057;ac067;ac088;ac090;ac093;ac105;ac108,8,4000000,20,none,0,,8,0.555816875,2.281480000,2281480.000,3.001460000,0.197715000,0.230618000,0.207026000,0.209726000,0.194696000,0.228605000,0.176689000,2.281540000,2.281590000,2.339060000,2.281550000,2.281620000,2.281490000,2.281480000,2.281500000,4000000,ece0436e48fca62944ef43cb06aeed95c440018d2ea8096035d0d582b51526eb,4340505651861673746,split,valid
10,Courseware,courseware,WRDT,InfiniBand,293fd3d581527e0a95adf7ae535ffd82284f654d,2024524,ac029;ac046;ac057;ac067;ac088;ac090;ac093;ac105;ac108,ac029,ac046;ac057;ac067;ac088;ac090;ac093;ac105;ac108,8,4000000,25,none,0,,8,0.634947750,1.851790000,1851790.000,3.140170000,0.288146000,0.338865000,0.247304000,0.271762000,0.216044000,0.260363000,0.316928000,1.851950000,1.851840000,1.852260000,1.851920000,1.851990000,1.851990000,1.851790000,1.851820000,4000000,1b9815c1e73159b3a980fe0975dc07f4d3990a0e494941bcdaaf87efbbb35205,18153311919520321899,split,valid
10,Movie,movie,WRDT,InfiniBand,293fd3d581527e0a95adf7ae535ffd82284f654d,2024524,ac029;ac046;ac057;ac067;ac088;ac090;ac093;ac105;ac108,ac029,ac046;ac057;ac067,3,4000000,0,none,0,,3,0.134400600,18.897300000,18897300.000,0.064571800,0.150143000,0.188487000,,,,,,21.298900000,23.584500000,18.897300000,,,,,,4000000,cd79ffe29a310f435c27d1a66494790e5c7d13b49ea3485b2108bda120534e36,0,split,valid
10,Movie,movie,WRDT,InfiniBand,293fd3d581527e0a95adf7ae535ffd82284f654d,2024524,ac029;ac046;ac057;ac067;ac088;ac090;ac093;ac105;ac108,ac029,ac046;ac057;ac067,3,4000000,15,none,0,,3,0.465293333,5.256350000,5256350.000,0.607637000,0.607947000,0.180296000,,,,,,5.317500000,5.326380000,5.256350000,,,,,,4000000,19bc13142d735757b98ca947c73dd528e490fe6a0d83919507be984c76e8bf80,14762731705796574811,split,valid
10,Movie,movie,WRDT,InfiniBand,293fd3d581527e0a95adf7ae535ffd82284f654d,2024524,ac029;ac046;ac057;ac067;ac088;ac090;ac093;ac105;ac108,ac029,ac046;ac057;ac067,3,4000000,20,none,0,,3,0.570132333,3.555510000,3555510.000,0.714068000,0.871827000,0.124502000,,,,,,3.607060000,3.590640000,3.555510000,,,,,,4000000,8a0cb4e834f700b33986dc4ef4e59ed0a6e241c14ae31eb3c07056f6f3869819,15009169150328509456,split,valid
10,Movie,movie,WRDT,InfiniBand,293fd3d581527e0a95adf7ae535ffd82284f654d,2024524,ac029;ac046;ac057;ac067;ac088;ac090;ac093;ac105;ac108,ac029,ac046;ac057;ac067,3,4000000,25,none,0,,3,0.616829000,2.672140000,2672140.000,0.795098000,0.932901000,0.122488000,,,,,,2.672140000,2.738020000,2.677400000,,,,,,4000000,ac09e11f3b0adf7ca38f542ede791dea2aca2991de704cdc4a3071e32bc0bd50,11078848321390510511,split,valid
10,Movie,movie,WRDT,InfiniBand,293fd3d581527e0a95adf7ae535ffd82284f654d,2024524,ac029;ac046;ac057;ac067;ac088;ac090;ac093;ac105;ac108,ac029,ac046;ac057;ac067;ac088,4,4000000,0,none,0,,4,0.096063425,20.954300000,20954300.000,0.060200600,0.092940600,0.164845000,0.066267500,,,,,28.393600000,29.872400000,25.526800000,20.954300000,,,,,4000000,d4b7c48204232c28ca299fc1c7e288db5292ebe47e4d7d0da7f55510bf718652,0,split,valid
10,Movie,movie,WRDT,InfiniBand,293fd3d581527e0a95adf7ae535ffd82284f654d,2024524,ac029;ac046;ac057;ac067;ac088;ac090;ac093;ac105;ac108,ac029,ac046;ac057;ac067;ac088,4,4000000,15,none,0,,4,0.479327500,2.005040000,2005040.000,0.961946000,0.685463000,0.144803000,0.125098000,,,,,2.017230000,2.016960000,2.005040000,2.048140000,,,,,4000000,03273f163b5a34794101535c308cf2dfb565b79872261a416cf82dc136658b9f,1998603870786183472,split,valid
10,Movie,movie,WRDT,InfiniBand,293fd3d581527e0a95adf7ae535ffd82284f654d,2024524,ac029;ac046;ac057;ac067;ac088;ac090;ac093;ac105;ac108,ac029,ac046;ac057;ac067;ac088,4,4000000,20,none,0,,4,0.752778500,2.463100000,2463100.000,1.075640000,1.719730000,0.100848000,0.114896000,,,,,2.485910000,2.463100000,2.511020000,2.512570000,,,,,4000000,a424453e656ae5aad0f07b79f848cdb5983239b8e426460beb43437ede20f4b4,11154158433044844848,split,valid
10,Movie,movie,WRDT,InfiniBand,293fd3d581527e0a95adf7ae535ffd82284f654d,2024524,ac029;ac046;ac057;ac067;ac088;ac090;ac093;ac105;ac108,ac029,ac046;ac057;ac067;ac088,4,4000000,25,none,0,,4,1.082108475,2.162200000,2162200.000,1.967880000,2.197180000,0.108313000,0.055060900,,,,,2.162200000,2.198300000,2.166820000,2.209960000,,,,,4000000,86902794c2a9b62372ab40ab128c8142ed88614002c69fa330c751b316dd97e2,4944094899901793167,split,valid
10,Movie,movie,WRDT,InfiniBand,293fd3d581527e0a95adf7ae535ffd82284f654d,2024524,ac029;ac046;ac057;ac067;ac088;ac090;ac093;ac105;ac108,ac029,ac046;ac057;ac067;ac088;ac090,5,4000000,0,none,0,,5,0.099781740,22.889400000,22889400.000,0.114111000,0.094004000,0.104212000,0.068554700,0.118027000,,,,32.710200000,22.889400000,36.240700000,34.835900000,35.933100000,,,,4000000,33257f941bfedebcc60d6eb9ed57b4ebbe14edcc4c0d9bba465db718197b0156,0,split,valid
10,Movie,movie,WRDT,InfiniBand,293fd3d581527e0a95adf7ae535ffd82284f654d,2024524,ac029;ac046;ac057;ac067;ac088;ac090;ac093;ac105;ac108,ac029,ac046;ac057;ac067;ac088;ac090,5,4000000,15,none,0,,5,0.525703260,2.131080000,2131080.000,1.382710000,0.902416000,0.083757800,0.174168000,0.085464500,,,,2.131080000,2.143690000,2.158680000,2.142500000,2.136820000,,,,4000000,fd5c58e8b0d32cc64b0d5d117fb25287077ff609d726f43e46ac5cce7d8ce0fd,4186514528360785511,split,valid
10,Movie,movie,WRDT,InfiniBand,293fd3d581527e0a95adf7ae535ffd82284f654d,2024524,ac029;ac046;ac057;ac067;ac088;ac090;ac093;ac105;ac108,ac029,ac046;ac057;ac067;ac088;ac090,5,4000000,20,none,0,,5,0.881133140,1.670810000,1670810.000,1.880390000,2.178580000,0.111231000,0.163574000,0.071890700,,,,1.672250000,1.684270000,1.670810000,1.689200000,1.678570000,,,,4000000,4d9d011f05b1e7a8c2e8ad1abf75cb03f66ee89552c353cfe0d48c08266aa90f,11300273427627523863,split,valid
10,Movie,movie,WRDT,InfiniBand,293fd3d581527e0a95adf7ae535ffd82284f654d,2024524,ac029;ac046;ac057;ac067;ac088;ac090;ac093;ac105;ac108,ac029,ac046;ac057;ac067;ac088;ac090,5,4000000,25,none,0,,5,1.144138180,1.594910000,1594910.000,3.581180000,1.844620000,0.166342000,0.083246400,0.045302500,,,,1.598620000,1.600120000,1.600610000,1.594910000,1.622720000,,,,4000000,0aba277af8f9aff419692fa28cd8e7ba3c97938861f150e2d98acb09c0e775fd,1259852164905246551,split,valid
10,Movie,movie,WRDT,InfiniBand,293fd3d581527e0a95adf7ae535ffd82284f654d,2024524,ac029;ac046;ac057;ac067;ac088;ac090;ac093;ac105;ac108,ac029,ac046;ac057;ac067;ac088;ac090;ac093,6,4000000,0,none,0,,6,0.096489100,29.553000000,29553000.000,0.114350000,0.092411700,0.088147500,0.112346000,0.089466900,0.082212500,,,39.616900000,29.553000000,40.065700000,42.822000000,58.978800000,45.319600000,,,4000000,54ad6aa14246c85bc20c918cf2579fc5fb672d9b5235ade05f9cfb3079872570,0,split,valid
10,Movie,movie,WRDT,InfiniBand,293fd3d581527e0a95adf7ae535ffd82284f654d,2024524,ac029;ac046;ac057;ac067;ac088;ac090;ac093;ac105;ac108,ac029,ac046;ac057;ac067;ac088;ac090;ac093,6,4000000,15,none,0,,6,1.009268850,2.943750000,2943750.000,2.023690000,3.698870000,0.105374000,0.054847000,0.064334100,0.108498000,,,2.943750000,2.982880000,2.945530000,2.952050000,3.025890000,2.947690000,,,4000000,d7dbba65660ec41e90b7967adf1fad494bc0aa87985c5caaa2e81d919b1fc311,11614932048824849418,split,valid
10,Movie,movie,WRDT,InfiniBand,293fd3d581527e0a95adf7ae535ffd82284f654d,2024524,ac029;ac046;ac057;ac067;ac088;ac090;ac093;ac105;ac108,ac029,ac046;ac057;ac067;ac088;ac090;ac093,6,4000000,20,none,0,,6,0.970393950,2.044020000,2044020.000,2.740140000,2.668410000,0.089016000,0.133015000,0.110167000,0.081615700,,,2.086610000,2.044020000,2.073640000,2.068200000,2.074700000,2.072560000,,,4000000,30100bafe4379d151048c89202239760be3131b60ca900602c67efd40d361bc2,10975105059588165078,split,valid
10,Movie,movie,WRDT,InfiniBand,293fd3d581527e0a95adf7ae535ffd82284f654d,2024524,ac029;ac046;ac057;ac067;ac088;ac090;ac093;ac105;ac108,ac029,ac046;ac057;ac067;ac088;ac090;ac093,6,4000000,25,none,0,,6,1.022621650,1.690050000,1690050.000,3.282340000,2.279240000,0.171454000,0.132780000,0.176539000,0.093376900,,,1.733200000,1.690050000,1.720440000,1.728620000,1.718960000,1.718950000,,,4000000,53e9ac0c3c942bca9ccefc37c09b309a6ade079d31ffe3d1655f1ecdd81e6423,18208010668588950437,split,valid
10,Movie,movie,WRDT,InfiniBand,293fd3d581527e0a95adf7ae535ffd82284f654d,2024524,ac029;ac046;ac057;ac067;ac088;ac090;ac093;ac105;ac108,ac029,ac046;ac057;ac067;ac088;ac090;ac093;ac105,7,4000000,0,none,0,,7,0.086991814,40.856300000,40856300.000,0.067931100,0.088510300,0.171341000,0.073821300,0.044928900,0.105479000,0.056931100,,40.856300000,61.253900000,56.662000000,49.499400000,65.977200000,42.959900000,46.059600000,,4000000,00470d5df440df51f501677bb9a85d7b247a0589e25a4c5942196731627a84d0,0,split,valid
10,Movie,movie,WRDT,InfiniBand,293fd3d581527e0a95adf7ae535ffd82284f654d,2024524,ac029;ac046;ac057;ac067;ac088;ac090;ac093;ac105;ac108,ac029,ac046;ac057;ac067;ac088;ac090;ac093;ac105,7,4000000,15,none,0,,7,0.641796214,2.863330000,2863330.000,2.536590000,1.356980000,0.248413000,0.092758800,0.044733000,0.117462000,0.095636700,,2.886260000,2.890200000,2.863330000,2.865610000,2.947720000,2.867440000,2.879820000,,4000000,a654d47caef373b864029dea0b88e1bec56a1e533d40ec7b0b31a9686bf94006,14540640433908741948,split,valid
10,Movie,movie,WRDT,InfiniBand,293fd3d581527e0a95adf7ae535ffd82284f654d,2024524,ac029;ac046;ac057;ac067;ac088;ac090;ac093;ac105;ac108,ac029,ac046;ac057;ac067;ac088;ac090;ac093;ac105,7,4000000,20,none,0,,7,0.788648814,1.463120000,1463120.000,3.258480000,1.704060000,0.094079400,0.055367700,0.064728600,0.184367000,0.159459000,,1.467390000,1.468430000,1.468970000,1.464680000,1.466820000,1.463120000,1.471070000,,4000000,5a113a47c236ba557abdd6934154e8c8da9a64c7114f219fba78f343be366691,6755231633827709696,split,valid
10,Movie,movie,WRDT,InfiniBand,293fd3d581527e0a95adf7ae535ffd82284f654d,2024524,ac029;ac046;ac057;ac067;ac088;ac090;ac093;ac105;ac108,ac029,ac046;ac057;ac067;ac088;ac090;ac093;ac105,7,4000000,25,none,0,,7,1.411621014,1.586060000,1586060.000,5.794600000,3.505560000,0.248315000,0.077169100,0.083142800,0.087392800,0.085167400,,1.587320000,1.597040000,1.586060000,1.606440000,1.591100000,1.589840000,1.588570000,,4000000,4a666275d6deed22d0427807084e1503c329d438d798906aebe42c6c10cf55c8,4632915053295023251,split,valid
10,Movie,movie,WRDT,InfiniBand,293fd3d581527e0a95adf7ae535ffd82284f654d,2024524,ac029;ac046;ac057;ac067;ac088;ac090;ac093;ac105;ac108,ac029,ac046;ac057;ac067;ac088;ac090;ac093;ac105;ac108,8,4000000,0,none,0,,8,0.095326625,39.499200000,39499200.000,0.180892000,0.044826300,0.187630000,0.075949900,0.066824600,0.049198700,0.090362900,0.066928600,56.609900000,39.499200000,51.401300000,62.802200000,72.060400000,83.683800000,63.989800000,68.365600000,4000000,529f8471cf5803fe3fef92850ad5cc21f479e1dea79867cf07bf079ffec99935,0,split,valid
10,Movie,movie,WRDT,InfiniBand,293fd3d581527e0a95adf7ae535ffd82284f654d,2024524,ac029;ac046;ac057;ac067;ac088;ac090;ac093;ac105;ac108,ac029,ac046;ac057;ac067;ac088;ac090;ac093;ac105;ac108,8,4000000,15,none,0,,8,0.959151225,1.702860000,1702860.000,3.172670000,4.035400000,0.055553100,0.054631500,0.067039400,0.137076000,0.084122400,0.066717400,1.725150000,1.719710000,1.718960000,1.702860000,1.708690000,1.759800000,1.718970000,1.713800000,4000000,9c5b18cee6526ac7343ff0b177755410736945d89687dbfe4efdd095cddce20e,8971706499535532910,split,valid
10,Movie,movie,WRDT,InfiniBand,293fd3d581527e0a95adf7ae535ffd82284f654d,2024524,ac029;ac046;ac057;ac067;ac088;ac090;ac093;ac105;ac108,ac029,ac046;ac057;ac067;ac088;ac090;ac093;ac105;ac108,8,4000000,20,none,0,,8,0.976307750,1.164490000,1164490.000,4.121170000,3.055530000,0.099298300,0.163445000,0.089200100,0.093068100,0.099142200,0.089608300,1.172000000,1.178470000,1.165190000,1.167210000,1.171310000,1.171310000,1.170620000,1.164490000,4000000,2c9a5ce979d9c7556ff241d52307cfc80130a44b7cc068b9ff98ccd349eb1044,16646018421573311235,split,valid
10,Movie,movie,WRDT,InfiniBand,293fd3d581527e0a95adf7ae535ffd82284f654d,2024524,ac029;ac046;ac057;ac067;ac088;ac090;ac093;ac105;ac108,ac029,ac046;ac057;ac067;ac088;ac090;ac093;ac105;ac108,8,4000000,25,none,0,,8,1.624793075,1.040840000,1040840.000,7.859410000,4.473530000,0.112344000,0.200806000,0.144265000,0.075927600,0.054869600,0.077192400,1.057610000,1.040840000,1.054570000,1.050990000,1.055400000,1.070100000,1.051550000,1.054880000,4000000,cfc0491beff781cfdef677b99f2cd21690301b93b513b1aefc4561b60bb5d4ae,202768978705128441,split,valid
10,Project,project,WRDT,InfiniBand,293fd3d581527e0a95adf7ae535ffd82284f654d,2024524,ac029;ac046;ac057;ac067;ac088;ac090;ac093;ac105;ac108,ac029,ac046;ac057;ac067,3,4000000,0,none,0,,3,0.052182667,35.998700000,35998700.000,0.049140800,0.051814500,0.055592700,,,,,,40.229700000,37.635400000,35.998700000,,,,,,4000000,cd79ffe29a310f435c27d1a66494790e5c7d13b49ea3485b2108bda120534e36,17102691784853259046,split,valid
10,Project,project,WRDT,InfiniBand,293fd3d581527e0a95adf7ae535ffd82284f654d,2024524,ac029;ac046;ac057;ac067;ac088;ac090;ac093;ac105;ac108,ac029,ac046;ac057;ac067,3,4000000,15,none,0,,3,0.240481333,6.320840000,6320840.000,0.478387000,0.130021000,0.113036000,,,,,,6.322030000,6.320840000,6.326710000,,,,,,4000000,57f6a91c2874c4da3d470780f5d0629057dc37eb9863d5f3a55d1b9bcd33e830,10044825709723270251,split,valid
10,Project,project,WRDT,InfiniBand,293fd3d581527e0a95adf7ae535ffd82284f654d,2024524,ac029;ac046;ac057;ac067;ac088;ac090;ac093;ac105;ac108,ac029,ac046;ac057;ac067,3,4000000,20,none,0,,3,0.304062667,4.715890000,4715890.000,0.637115000,0.143270000,0.131803000,,,,,,4.716260000,4.715890000,4.718060000,,,,,,4000000,169153635df208a83340bfddb64c85d8d4fc10011561ba7fa872c0cbe161f2fb,4673960270467538591,split,valid
10,Project,project,WRDT,InfiniBand,293fd3d581527e0a95adf7ae535ffd82284f654d,2024524,ac029;ac046;ac057;ac067;ac088;ac090;ac093;ac105;ac108,ac029,ac046;ac057;ac067,3,4000000,25,none,0,,3,0.350511667,4.061680000,4061680.000,0.774089000,0.125745000,0.151701000,,,,,,4.061680000,4.061860000,4.063480000,,,,,,4000000,e87c03d43a743a049ca64def5a6830f80509ba9a4835b2bf437774b69b73c31f,8177130097958029238,split,valid
10,Project,project,WRDT,InfiniBand,293fd3d581527e0a95adf7ae535ffd82284f654d,2024524,ac029;ac046;ac057;ac067;ac088;ac090;ac093;ac105;ac108,ac029,ac046;ac057;ac067;ac088,4,4000000,0,none,0,,4,0.052907525,47.104300000,47104300.000,0.048903900,0.052022700,0.055443300,0.055260200,,,,,47.104300000,57.856100000,47.167000000,47.290300000,,,,,4000000,d4b7c48204232c28ca299fc1c7e288db5292ebe47e4d7d0da7f55510bf718652,17102691784853259046,split,valid
10,Project,project,WRDT,InfiniBand,293fd3d581527e0a95adf7ae535ffd82284f654d,2024524,ac029;ac046;ac057;ac067;ac088;ac090;ac093;ac105;ac108,ac029,ac046;ac057;ac067;ac088,4,4000000,15,none,0,,4,0.291400000,5.408250000,5408250.000,0.791483000,0.132115000,0.127942000,0.114060000,,,,,5.409350000,5.410760000,5.408250000,5.408660000,,,,,4000000,68e08a8ae25a329ea18ac934b1a5e0ff6070035d1b056faf4af2ef22b4f388d2,9622532979418333132,split,valid
10,Project,project,WRDT,InfiniBand,293fd3d581527e0a95adf7ae535ffd82284f654d,2024524,ac029;ac046;ac057;ac067;ac088;ac090;ac093;ac105;ac108,ac029,ac046;ac057;ac067;ac088,4,4000000,20,none,0,,4,0.351108750,4.142540000,4142540.000,1.008300000,0.111296000,0.152237000,0.132602000,,,,,4.143240000,4.143770000,4.142930000,4.142540000,,,,,4000000,a9aca80205cca687f6e0547303402b5c7e4f29d0a31b4c1bbadfb6b7bed6c91e,15099369258473713545,split,valid
10,Project,project,WRDT,InfiniBand,293fd3d581527e0a95adf7ae535ffd82284f654d,2024524,ac029;ac046;ac057;ac067;ac088;ac090;ac093;ac105;ac108,ac029,ac046;ac057;ac067;ac088,4,4000000,25,none,0,,4,0.434097750,3.231770000,3231770.000,1.242060000,0.143146000,0.202579000,0.148606000,,,,,3.231890000,3.231770000,3.232970000,3.232070000,,,,,4000000,4c8f8203947fb5031df3e625ffb78770d3e11fcd0eab52ba1f46729acbfadd6b,7369665373476675321,split,valid
10,Project,project,WRDT,InfiniBand,293fd3d581527e0a95adf7ae535ffd82284f654d,2024524,ac029;ac046;ac057;ac067;ac088;ac090;ac093;ac105;ac108,ac029,ac046;ac057;ac067;ac088;ac090,5,4000000,0,none,0,,5,0.050729960,59.075500000,59075500.000,0.049667600,0.044822400,0.055536700,0.054965200,0.048657900,,,,66.798000000,63.440700000,59.075500000,59.495500000,69.640300000,,,,4000000,33257f941bfedebcc60d6eb9ed57b4ebbe14edcc4c0d9bba465db718197b0156,17102691784853259046,split,valid
10,Project,project,WRDT,InfiniBand,293fd3d581527e0a95adf7ae535ffd82284f654d,2024524,ac029;ac046;ac057;ac067;ac088;ac090;ac093;ac105;ac108,ac029,ac046;ac057;ac067;ac088;ac090,5,4000000,15,none,0,,5,0.336869600,4.648230000,4648230.000,1.127730000,0.158513000,0.138903000,0.138877000,0.120325000,,,,4.648780000,4.648580000,4.648600000,4.648230000,4.653060000,,,,4000000,4667d1d25fec5df94a08e409d58039353945bf0cc4997f95adbd699bafa4e5c5,11975638024586517799,split,valid
10,Project,project,WRDT,InfiniBand,293fd3d581527e0a95adf7ae535ffd82284f654d,2024524,ac029;ac046;ac057;ac067;ac088;ac090;ac093;ac105;ac108,ac029,ac046;ac057;ac067;ac088;ac090,5,4000000,20,none,0,,5,0.421879400,3.433150000,3433150.000,1.488780000,0.119170000,0.198828000,0.155662000,0.146957000,,,,3.433320000,3.433610000,3.433150000,3.433290000,3.433240000,,,,4000000,a8c442240b195fe491b65b358435125a575a786a989b107b6ed398f116c36b23,9662947334207348473,split,valid
10,Project,project,WRDT,InfiniBand,293fd3d581527e0a95adf7ae535ffd82284f654d,2024524,ac029;ac046;ac057;ac067;ac088;ac090;ac093;ac105;ac108,ac029,ac046;ac057;ac067;ac088;ac090,5,4000000,25,none,0,,5,0.533848400,2.790210000,2790210.000,1.948210000,0.174459000,0.206150000,0.167980000,0.172443000,,,,2.790540000,2.790410000,2.790210000,2.790370000,2.790530000,,,,4000000,bf2cbe5e0138e214209208f51b5a6da521fe5b319e120931dd5f7e0b1993affc,1353315474532970615,split,valid
10,Project,project,WRDT,InfiniBand,293fd3d581527e0a95adf7ae535ffd82284f654d,2024524,ac029;ac046;ac057;ac067;ac088;ac090;ac093;ac105;ac108,ac029,ac046;ac057;ac067;ac088;ac090;ac093,6,4000000,0,none,0,,6,0.054182083,70.866700000,70866700.000,0.048635500,0.044693500,0.056034700,0.055131600,0.071554200,0.049043000,,,79.985600000,74.802700000,71.664000000,70.866700000,86.969800000,78.777400000,,,4000000,54ad6aa14246c85bc20c918cf2579fc5fb672d9b5235ade05f9cfb3079872570,17102691784853259046,split,valid
10,Project,project,WRDT,InfiniBand,293fd3d581527e0a95adf7ae535ffd82284f654d,2024524,ac029;ac046;ac057;ac067;ac088;ac090;ac093;ac105;ac108,ac029,ac046;ac057;ac067;ac088;ac090;ac093,6,4000000,15,none,0,,6,0.384662333,4.013570000,4013570.000,1.545350000,0.189229000,0.164369000,0.140474000,0.139009000,0.129543000,,,4.014690000,4.013570000,4.014720000,4.013690000,4.014630000,4.014640000,,,4000000,1a77b6b37bbb27dbda7b6d4a579459fe6cf31c166c4faf7a2c9a21731d12b848,16646804322183751906,split,valid
10,Project,project,WRDT,InfiniBand,293fd3d581527e0a95adf7ae535ffd82284f654d,2024524,ac029;ac046;ac057;ac067;ac088;ac090;ac093;ac105;ac108,ac029,ac046;ac057;ac067;ac088;ac090;ac093,6,4000000,20,none,0,,6,0.514617167,2.953410000,2953410.000,2.185050000,0.218245000,0.194748000,0.167311000,0.166817000,0.155532000,,,2.953740000,2.953680000,2.953660000,2.953760000,2.953410000,2.953570000,,,4000000,4f9d52f37a7b6b84dcd827469c84f6eae25649c83e0b3511437f4952040a40cc,13599399092162080093,split,valid
10,Project,project,WRDT,InfiniBand,293fd3d581527e0a95adf7ae535ffd82284f654d,2024524,ac029;ac046;ac057;ac067;ac088;ac090;ac093;ac105;ac108,ac029,ac046;ac057;ac067;ac088;ac090;ac093,6,4000000,25,none,0,,6,0.573408667,2.379400000,2379400.000,2.288480000,0.229583000,0.317165000,0.248341000,0.186337000,0.170546000,,,2.379620000,2.379490000,2.379480000,2.379400000,2.379430000,2.379540000,,,4000000,e051bce4b15b1c886f6956393bbf7c501d044b24d26b9d2bbba0ffbc8264e56e,7629660020633139102,split,valid
10,Project,project,WRDT,InfiniBand,293fd3d581527e0a95adf7ae535ffd82284f654d,2024524,ac029;ac046;ac057;ac067;ac088;ac090;ac093;ac105;ac108,ac029,ac046;ac057;ac067;ac088;ac090;ac093;ac105,7,4000000,0,none,0,,7,0.050787443,47.553900000,47553900.000,0.048586400,0.044564800,0.055413700,0.055125500,0.044171200,0.049848500,0.057802000,,93.733900000,101.333000000,82.289300000,47.553900000,101.271000000,93.359800000,63.938600000,,4000000,00470d5df440df51f501677bb9a85d7b247a0589e25a4c5942196731627a84d0,17102691784853259046,split,valid
10,Project,project,WRDT,InfiniBand,293fd3d581527e0a95adf7ae535ffd82284f654d,2024524,ac029;ac046;ac057;ac067;ac088;ac090;ac093;ac105;ac108,ac029,ac046;ac057;ac067;ac088;ac090;ac093;ac105,7,4000000,15,none,0,,7,0.437707143,3.432520000,3432520.000,2.135480000,0.123260000,0.178626000,0.156572000,0.155677000,0.140655000,0.173680000,,3.433000000,3.432830000,3.432890000,3.432520000,3.432570000,3.436770000,3.432600000,,4000000,8da295a39da72434afced0aaf229d562995af2661f4a261538e91c3c481a231a,8076025776821335823,split,valid
10,Project,project,WRDT,InfiniBand,293fd3d581527e0a95adf7ae535ffd82284f654d,2024524,ac029;ac046;ac057;ac067;ac088;ac090;ac093;ac105;ac108,ac029,ac046;ac057;ac067;ac088;ac090;ac093;ac105,7,4000000,20,none,0,,7,0.547591143,2.586270000,2586270.000,2.702480000,0.155801000,0.233594000,0.180672000,0.191954000,0.174757000,0.193880000,,2.586530000,2.586270000,2.586640000,2.586430000,2.586500000,2.588060000,2.586380000,,4000000,d9c8f21e18ce822ae4f6d279a30b4999c5a7595f7800f557e2a1b313e0a46682,6277712167866590434,split,valid
10,Project,project,WRDT,InfiniBand,293fd3d581527e0a95adf7ae535ffd82284f654d,2024524,ac029;ac046;ac057;ac067;ac088;ac090;ac093;ac105;ac108,ac029,ac046;ac057;ac067;ac088;ac090;ac093;ac105,7,4000000,25,none,0,,7,0.606661143,2.104280000,2104280.000,2.716850000,0.332095000,0.294757000,0.224360000,0.229907000,0.207292000,0.241367000,,2.104430000,2.104280000,2.104440000,2.205790000,2.104450000,2.104500000,2.104390000,,4000000,5f56ee982cd0d9ca9fa7c5355f24a7f9786598ff3528aede155a787aba7bac66,7629660020633139102,split,valid
10,Project,project,WRDT,InfiniBand,293fd3d581527e0a95adf7ae535ffd82284f654d,2024524,ac029;ac046;ac057;ac067;ac088;ac090;ac093;ac105;ac108,ac029,ac046;ac057;ac067;ac088;ac090;ac093;ac105;ac108,8,4000000,0,none,0,,8,0.050356863,91.168100000,91168100.000,0.049271800,0.045087800,0.055406800,0.055514900,0.044703500,0.049785000,0.057757400,0.045327700,107.489000000,119.129000000,96.859300000,94.964500000,116.935000000,104.521000000,91.168100000,116.792000000,4000000,529f8471cf5803fe3fef92850ad5cc21f479e1dea79867cf07bf079ffec99935,17102691784853259046,split,valid
10,Project,project,WRDT,InfiniBand,293fd3d581527e0a95adf7ae535ffd82284f654d,2024524,ac029;ac046;ac057;ac067;ac088;ac090;ac093;ac105;ac108,ac029,ac046;ac057;ac067;ac088;ac090;ac093;ac105;ac108,8,4000000,15,none,0,,8,0.499132625,2.909480000,2909480.000,2.714920000,0.206637000,0.201747000,0.162965000,0.225731000,0.157482000,0.184174000,0.139405000,2.909730000,2.909610000,2.909810000,3.133520000,2.909840000,2.909480000,2.909520000,2.909620000,4000000,023bedb13d43d1fd8f3cf0146b1c9574eeadf7f82ff18325305076dc8e41ebd1,12690027715005364180,split,valid
10,Project,project,WRDT,InfiniBand,293fd3d581527e0a95adf7ae535ffd82284f654d,2024524,ac029;ac046;ac057;ac067;ac088;ac090;ac093;ac105;ac108,ac029,ac046;ac057;ac067;ac088;ac090;ac093;ac105;ac108,8,4000000,20,none,0,,8,0.586430500,2.311990000,2311990.000,3.141630000,0.242781000,0.284185000,0.218659000,0.216883000,0.191413000,0.221603000,0.174290000,2.312170000,2.311990000,2.347050000,2.346540000,2.312140000,2.312170000,2.312080000,2.312190000,4000000,ece0436e48fca62944ef43cb06aeed95c440018d2ea8096035d0d582b51526eb,6277712167866590434,split,valid
10,Project,project,WRDT,InfiniBand,293fd3d581527e0a95adf7ae535ffd82284f654d,2024524,ac029;ac046;ac057;ac067;ac088;ac090;ac093;ac105;ac108,ac029,ac046;ac057;ac067;ac088;ac090;ac093;ac105;ac108,8,4000000,25,none,0,,8,0.604909000,1.864100000,1864100.000,2.999410000,0.198668000,0.311765000,0.246254000,0.281532000,0.234117000,0.350104000,0.217422000,1.864160000,1.864180000,1.864130000,1.953570000,1.864140000,1.864270000,1.864100000,1.864300000,4000000,1b9815c1e73159b3a980fe0975dc07f4d3990a0e494941bcdaaf87efbbb35205,7629660020633139102,split,valid
10,Auction,rubis,WRDT,InfiniBand,293fd3d581527e0a95adf7ae535ffd82284f654d,2024524,ac029;ac046;ac057;ac067;ac088;ac090;ac093;ac105;ac108,ac029,ac046;ac057;ac067,3,4000000,0,none,0,,3,0.062223733,34.053600000,34053600.000,0.072602200,0.058254100,0.055814900,,,,,,39.846600000,34.053600000,36.684500000,,,,,,4000000,9b9516fa1460262237d213fd1944b701e2e07f9e617990dfea98da500a0a3aa6,18282393915216984294,split,valid
10,Auction,rubis,WRDT,InfiniBand,293fd3d581527e0a95adf7ae535ffd82284f654d,2024524,ac029;ac046;ac057;ac067;ac088;ac090;ac093;ac105;ac108,ac029,ac046;ac057;ac067,3,4000000,15,none,0,,3,0.208671867,6.042060000,6042060.000,0.493694000,0.076292100,0.056029500,,,,,,6.042120000,6.045940000,6.042060000,,,,,,4000000,ad5fdf612fc1fe2b9746b2861aa5bf72099250cc738fde3bcdce2c9fb7361286,8192931554730171333,split,valid
10,Auction,rubis,WRDT,InfiniBand,293fd3d581527e0a95adf7ae535ffd82284f654d,2024524,ac029;ac046;ac057;ac067;ac088;ac090;ac093;ac105;ac108,ac029,ac046;ac057;ac067,3,4000000,20,none,0,,3,0.255903767,4.515250000,4515250.000,0.654182000,0.057328300,0.056201000,,,,,,4.515250000,4.517010000,4.515780000,,,,,,4000000,5a81e0adb3c47c453c1fe3eaf7606cb0cf345cd08decf4f6b7a29e26dc5ed01e,14222185101692553684,split,valid
10,Auction,rubis,WRDT,InfiniBand,293fd3d581527e0a95adf7ae535ffd82284f654d,2024524,ac029;ac046;ac057;ac067;ac088;ac090;ac093;ac105;ac108,ac029,ac046;ac057;ac067,3,4000000,25,none,0,,3,0.305639800,3.742630000,3742630.000,0.801516000,0.058723800,0.056679600,,,,,,3.743640000,3.742630000,3.742810000,,,,,,4000000,7812c182f5c954fef2fe4ef5b5bd956fb7f8baa3ecfdb789998050d305464e79,3112370331139277183,split,valid
10,Auction,rubis,WRDT,InfiniBand,293fd3d581527e0a95adf7ae535ffd82284f654d,2024524,ac029;ac046;ac057;ac067;ac088;ac090;ac093;ac105;ac108,ac029,ac046;ac057;ac067;ac088,4,4000000,0,none,0,,4,0.053434525,45.178900000,45178900.000,0.049209600,0.053774400,0.055596700,0.055157400,,,,,53.234000000,45.178900000,47.293100000,47.450700000,,,,,4000000,df2a167daa899163dcbbb5caa7bb6a8aa02f3da5ab40fade4b3749d0898294dd,18282393915216984294,split,valid
10,Auction,rubis,WRDT,InfiniBand,293fd3d581527e0a95adf7ae535ffd82284f654d,2024524,ac029;ac046;ac057;ac067;ac088;ac090;ac093;ac105;ac108,ac029,ac046;ac057;ac067;ac088,4,4000000,15,none,0,,4,0.263954025,4.879710000,4879710.000,0.854460000,0.085042500,0.062073600,0.054240000,,,,,4.880820000,4.879850000,4.879710000,4.879940000,,,,,4000000,8fd5f6b64ec147ebd938d6adda2b5a28739b4ab0255eaad7aa537533b853ca5c,16316409805861028699,split,valid
10,Auction,rubis,WRDT,InfiniBand,293fd3d581527e0a95adf7ae535ffd82284f654d,2024524,ac029;ac046;ac057;ac067;ac088;ac090;ac093;ac105;ac108,ac029,ac046;ac057;ac067;ac088,4,4000000,20,none,0,,4,0.316447800,3.682590000,3682590.000,1.095080000,0.058255000,0.057066300,0.055389900,,,,,3.682770000,3.682590000,3.683860000,3.682740000,,,,,4000000,d0c8774c97424326060e09c3b6074e19c170dfb0f3ea98abbfcb4f4eacb7aa61,8758497637646361962,split,valid
10,Auction,rubis,WRDT,InfiniBand,293fd3d581527e0a95adf7ae535ffd82284f654d,2024524,ac029;ac046;ac057;ac067;ac088;ac090;ac093;ac105;ac108,ac029,ac046;ac057;ac067;ac088,4,4000000,25,none,0,,4,0.380198675,3.006270000,3006270.000,1.350750000,0.058593000,0.055954300,0.055497400,,,,,3.006610000,3.108370000,3.006270000,3.006580000,,,,,4000000,3c533d05ac8aa04fca1df4e0acef1905ff9b9dc52ac4262c841405e53659eeca,7040698101298422853,split,valid
10,Auction,rubis,WRDT,InfiniBand,293fd3d581527e0a95adf7ae535ffd82284f654d,2024524,ac029;ac046;ac057;ac067;ac088;ac090;ac093;ac105;ac108,ac029,ac046;ac057;ac067;ac088;ac090,5,4000000,0,none,0,,5,0.053048940,60.102500000,60102500.000,0.049151100,0.058343100,0.056190400,0.055560700,0.045999400,,,,67.912900000,60.583100000,60.102500000,60.491500000,72.197000000,,,,4000000,00b16ea308756935f5126db72242dc0c3d9c2a713c3d0611894f877521945e90,18282393915216984294,split,valid
10,Auction,rubis,WRDT,InfiniBand,293fd3d581527e0a95adf7ae535ffd82284f654d,2024524,ac029;ac046;ac057;ac067;ac088;ac090;ac093;ac105;ac108,ac029,ac046;ac057;ac067;ac088;ac090,5,4000000,15,none,0,,5,0.291494000,4.076450000,4076450.000,1.241950000,0.058173000,0.056758100,0.055682200,0.044906700,,,,4.076560000,4.162490000,4.076450000,4.078860000,4.076540000,,,,4000000,1d0c198eab78ab22379fe27979a0e6049f6fa87c8fc3d3a07a6dec889617200a,3609553395125817310,split,valid
10,Auction,rubis,WRDT,InfiniBand,293fd3d581527e0a95adf7ae535ffd82284f654d,2024524,ac029;ac046;ac057;ac067;ac088;ac090;ac093;ac105;ac108,ac029,ac046;ac057;ac067;ac088;ac090,5,4000000,20,none,0,,5,0.393447440,3.099970000,3099970.000,1.752940000,0.058395200,0.056162000,0.055159000,0.044581000,,,,3.100130000,3.099970000,3.101390000,3.100090000,3.100020000,,,,4000000,b57ba0ef5a58f6e14981c13dc7565cac39895f1725f6868034f3758590de16d5,6757707095262870408,split,valid
10,Auction,rubis,WRDT,InfiniBand,293fd3d581527e0a95adf7ae535ffd82284f654d,2024524,ac029;ac046;ac057;ac067;ac088;ac090;ac093;ac105;ac108,ac029,ac046;ac057;ac067;ac088;ac090,5,4000000,25,none,0,,5,0.369181820,2.459720000,2459720.000,1.631560000,0.058392700,0.055918200,0.055250700,0.044787500,,,,2.459950000,2.459730000,2.459860000,2.459840000,2.459720000,,,,4000000,94cdfea116cc030ba75b328a3ae12342c7168aedb8803854c42282f45624b618,7040698101298422853,split,valid
10,Auction,rubis,WRDT,InfiniBand,293fd3d581527e0a95adf7ae535ffd82284f654d,2024524,ac029;ac046;ac057;ac067;ac088;ac090;ac093;ac105;ac108,ac029,ac046;ac057;ac067;ac088;ac090;ac093,6,4000000,0,none,0,,6,0.051196333,69.624500000,69624500.000,0.048844000,0.053690700,0.055925500,0.055148900,0.044863200,0.048705700,,,81.539500000,73.064700000,69.624500000,72.551800000,88.505400000,81.187000000,,,4000000,2f33e9b5beffb9d1f319d55520c46c9588695c1a854cba1a6efed1a37c50dac4,18282393915216984294,split,valid
10,Auction,rubis,WRDT,InfiniBand,293fd3d581527e0a95adf7ae535ffd82284f654d,2024524,ac029;ac046;ac057;ac067;ac088;ac090;ac093;ac105;ac108,ac029,ac046;ac057;ac067;ac088;ac090;ac093,6,4000000,15,none,0,,6,0.387832300,3.105990000,3105990.000,2.062690000,0.058632500,0.055926900,0.055487300,0.044786600,0.049470500,,,3.120550000,3.106120000,3.106880000,3.105990000,3.106000000,3.106050000,,,4000000,effa332b52d9c62d71ef00fcc6de6f3ed9d8822421a99aa2d7271cc1b165e39a,1869467200516171144,split,valid
10,Auction,rubis,WRDT,InfiniBand,293fd3d581527e0a95adf7ae535ffd82284f654d,2024524,ac029;ac046;ac057;ac067;ac088;ac090;ac093;ac105;ac108,ac029,ac046;ac057;ac067;ac088;ac090;ac093,6,4000000,20,none,0,,6,0.411626367,2.443250000,2443250.000,2.208380000,0.053727800,0.056193800,0.055575900,0.045597400,0.050283300,,,2.443550000,2.443420000,2.443380000,2.443320000,2.443250000,2.443430000,,,4000000,048ecd8636a2ec0c7d4850ada98fe2b9ab777cd41f0b3e0eaca29bf579f5ed79,6757707095262870408,split,valid
10,Auction,rubis,WRDT,InfiniBand,293fd3d581527e0a95adf7ae535ffd82284f654d,2024524,ac029;ac046;ac057;ac067;ac088;ac090;ac093;ac105;ac108,ac029,ac046;ac057;ac067;ac088;ac090;ac093,6,4000000,25,none,0,,6,0.409980917,1.938310000,1938310.000,2.195880000,0.053682100,0.055974500,0.055301300,0.045120300,0.053927300,,,1.938440000,1.938320000,1.938310000,1.938900000,1.938420000,1.938380000,,,4000000,42b08400c34bb5b1426b4e1bc8e71664565d4cfa5a3f4bc0c636d1b46d316917,7040698101298422853,split,valid
10,Auction,rubis,WRDT,InfiniBand,293fd3d581527e0a95adf7ae535ffd82284f654d,2024524,ac029;ac046;ac057;ac067;ac088;ac090;ac093;ac105;ac108,ac029,ac046;ac057;ac067;ac088;ac090;ac093;ac105,7,4000000,0,none,0,,7,0.052179371,73.784400000,73784400.000,0.049001600,0.055330200,0.055288800,0.055136800,0.045441600,0.049534700,0.055521900,,91.353400000,77.537400000,73.784400000,84.361500000,99.820300000,89.293700000,83.815300000,,4000000,6a83b7d1b5d7dd39ada1ca6e5fef5e34f98876d25fc7b24d668192fb4dd27685,18282393915216984294,split,valid
10,Auction,rubis,WRDT,InfiniBand,293fd3d581527e0a95adf7ae535ffd82284f654d,2024524,ac029;ac046;ac057;ac067;ac088;ac090;ac093;ac105;ac108,ac029,ac046;ac057;ac067;ac088;ac090;ac093;ac105,7,4000000,15,none,0,,7,0.379029357,2.955620000,2955620.000,2.330450000,0.053778200,0.055619500,0.055615400,0.045271700,0.049892200,0.062578500,,2.955950000,2.955850000,2.955620000,2.957110000,2.955910000,2.956000000,2.955860000,,4000000,39bc0c4edfa6021d3c4f42955696a81285aa8917b219c338187f4b0732124aac,2424126338307017260,split,valid
10,Auction,rubis,WRDT,InfiniBand,293fd3d581527e0a95adf7ae535ffd82284f654d,2024524,ac029;ac046;ac057;ac067;ac088;ac090;ac093;ac105;ac108,ac029,ac046;ac057;ac067;ac088;ac090;ac093;ac105,7,4000000,20,none,0,,7,0.374672671,2.225740000,2225740.000,2.303100000,0.053703100,0.055720000,0.055136300,0.045051300,0.054737400,0.055260600,,2.225820000,2.226000000,2.226200000,2.225740000,2.225890000,2.225970000,2.225740000,,4000000,ffc549844766a002268d8072f3eaeb1ba86056cdc3d38b19247cbc48d3c3a7b9,6757707095262870408,split,valid
10,Auction,rubis,WRDT,InfiniBand,293fd3d581527e0a95adf7ae535ffd82284f654d,2024524,ac029;ac046;ac057;ac067;ac088;ac090;ac093;ac105;ac108,ac029,ac046;ac057;ac067;ac088;ac090;ac093;ac105,7,4000000,25,none,0,,7,0.371516929,1.794290000,1794290.000,2.283250000,0.055235300,0.055568300,0.055372400,0.045250000,0.050621800,0.055320700,,1.794300000,1.794290000,1.794350000,1.794870000,1.794320000,1.794380000,1.794370000,,4000000,9359d2de20f2f404f2229874fa193e121f8d36343ecb864ce68b551d4ac95ba9,7040698101298422853,split,valid
10,Auction,rubis,WRDT,InfiniBand,293fd3d581527e0a95adf7ae535ffd82284f654d,2024524,ac029;ac046;ac057;ac067;ac088;ac090;ac093;ac105;ac108,ac029,ac046;ac057;ac067;ac088;ac090;ac093;ac105;ac108,8,4000000,0,none,0,,8,0.052215888,49.538100000,49538100.000,0.048761600,0.057825900,0.057716800,0.055533200,0.044877400,0.049430100,0.055555500,0.048026600,106.047000000,100.639000000,89.182200000,49.538100000,116.340000000,105.966000000,95.858900000,119.542000000,4000000,1caa09890e5fd8de8bb44dabe51ed591c5d5e3887900aff67e2f25421757ccbb,18282393915216984294,split,valid
10,Auction,rubis,WRDT,InfiniBand,293fd3d581527e0a95adf7ae535ffd82284f654d,2024524,ac029;ac046;ac057;ac067;ac088;ac090;ac093;ac105;ac108,ac029,ac046;ac057;ac067;ac088;ac090;ac093;ac105;ac108,8,4000000,15,none,0,,8,0.374872125,2.605520000,2605520.000,2.638660000,0.053679700,0.056088600,0.055050500,0.044588900,0.049649800,0.056510700,0.044748800,2.605760000,2.605550000,2.605760000,2.605710000,2.605650000,2.605760000,2.605520000,2.608070000,4000000,7090c689bf57df12044944cc40b2014d443425fa76269ca9b612cada3c6d7e78,2424126338307017260,split,valid
10,Auction,rubis,WRDT,InfiniBand,293fd3d581527e0a95adf7ae535ffd82284f654d,2024524,ac029;ac046;ac057;ac067;ac088;ac090;ac093;ac105;ac108,ac029,ac046;ac057;ac067;ac088;ac090;ac093;ac105;ac108,8,4000000,20,none,0,,8,0.369098100,1.953160000,1953160.000,2.590240000,0.054030400,0.055605800,0.055228800,0.044635300,0.049073300,0.055160000,0.048811200,1.953200000,1.953230000,1.969350000,1.984240000,1.953160000,1.953210000,1.954280000,1.953210000,4000000,d1229612e8f12258f174e906e861b8fd9677eeae927f8ee71e9ada92bb4aaba0,6757707095262870408,split,valid
10,Auction,rubis,WRDT,InfiniBand,293fd3d581527e0a95adf7ae535ffd82284f654d,2024524,ac029;ac046;ac057;ac067;ac088;ac090;ac093;ac105;ac108,ac029,ac046;ac057;ac067;ac088;ac090;ac093;ac105;ac108,8,4000000,25,none,0,,8,0.373279713,1.581630000,1581630.000,2.622320000,0.058018400,0.056075700,0.055401200,0.044704500,0.049118800,0.055712300,0.044886800,1.581660000,1.581670000,1.581930000,1.581820000,1.581640000,1.581660000,1.581680000,1.581630000,4000000,720ccb0c8d7557624ba2f731aee2f360870648135630b2e5d262d6daf3f032cf,7040698101298422853,split,valid
11,YCSB,kvstore,CRDT,InfiniBand,293fd3d581527e0a95adf7ae535ffd82284f654d,2024524,ac029;ac046;ac057;ac067;ac088;ac090;ac093;ac105;ac108,ac029,ac046;ac057;ac067,3,4000000,0,none,0,,3,0.213316000,12.846300000,12846300.000,0.184772000,0.221668000,0.233508000,,,,,,16.234400000,13.532600000,12.846300000,,,,,,4000000,46c570406c6ccc654089efa2f1fd1a991a213d4eb647e40798f4a25b13b964c1,0,combined,valid
11,YCSB,kvstore,CRDT,InfiniBand,293fd3d581527e0a95adf7ae535ffd82284f654d,2024524,ac029;ac046;ac057;ac067;ac088;ac090;ac093;ac105;ac108,ac029,ac046;ac057;ac067,3,4000000,5,none,0,,3,0.281713667,9.039770000,9039770.000,0.225101000,0.331758000,0.288282000,,,,,,9.039770000,9.042060000,9.046440000,,,,,,4000000,351049932c02da5da01e95e9cbcedbfe0d12e0aa426e1d0fbd2a0cc0b3c5abe7,17726638697914892253,combined,valid
11,YCSB,kvstore,CRDT,InfiniBand,293fd3d581527e0a95adf7ae535ffd82284f654d,2024524,ac029;ac046;ac057;ac067;ac088;ac090;ac093;ac105;ac108,ac029,ac046;ac057;ac067,3,4000000,15,none,0,,3,0.428653000,6.545400000,6545400.000,0.390928000,0.437081000,0.457950000,,,,,,6.545940000,6.545400000,6.550590000,,,,,,4000000,ef6d28c3eaac568f8f3c2ac9db04267039caffebcfad25bdc458353aaf60326c,6810382261851488247,combined,valid
11,YCSB,kvstore,CRDT,InfiniBand,293fd3d581527e0a95adf7ae535ffd82284f654d,2024524,ac029;ac046;ac057;ac067;ac088;ac090;ac093;ac105;ac108,ac029,ac046;ac057;ac067,3,4000000,20,none,0,,3,0.464971333,5.890900000,5890900.000,0.395192000,0.490862000,0.508860000,,,,,,5.891120000,5.890900000,5.895180000,,,,,,4000000,746c3dd03c03ed170e6bb3d4956150d49a40bcfe9da72fca99f007d241ca9989,6077994971486235974,combined,valid
11,YCSB,kvstore,CRDT,InfiniBand,293fd3d581527e0a95adf7ae535ffd82284f654d,2024524,ac029;ac046;ac057;ac067;ac088;ac090;ac093;ac105;ac108,ac029,ac046;ac057;ac067,3,4000000,25,none,0,,3,0.487799000,5.603690000,5603690.000,0.439841000,0.488606000,0.534950000,,,,,,5.604280000,5.603690000,5.607760000,,,,,,4000000,ac72e1a5d55ba8b606bbf79ec93e284fbdae428ae347cd8c0e7118e1d4f01f68,922962640419969966,combined,valid
11,YCSB,kvstore,CRDT,InfiniBand,293fd3d581527e0a95adf7ae535ffd82284f654d,2024524,ac029;ac046;ac057;ac067;ac088;ac090;ac093;ac105;ac108,ac029,ac046;ac057;ac067,3,4000000,50,none,0,,3,0.790187333,3.456110000,3456110.000,0.740188000,0.762698000,0.867676000,,,,,,3.456200000,3.456110000,3.457390000,,,,,,4000000,4c52ddf2907c636cf18bfdb15e01dc4862fab12c9776caf2105da1b2b6cf13a8,3730381246563317036,combined,valid
11,YCSB,kvstore,CRDT,InfiniBand,293fd3d581527e0a95adf7ae535ffd82284f654d,2024524,ac029;ac046;ac057;ac067;ac088;ac090;ac093;ac105;ac108,ac029,ac046;ac057;ac067;ac088,4,4000000,0,none,0,,4,0.222150500,16.819700000,16819700.000,0.188081000,0.231572000,0.231159000,0.237790000,,,,,21.264600000,17.270900000,17.301900000,16.819700000,,,,,4000000,95d4426f99a2f7ce64066e4b207c7ea469be72a180abff5594aad0436e039994,0,combined,valid
11,YCSB,kvstore,CRDT,InfiniBand,293fd3d581527e0a95adf7ae535ffd82284f654d,2024524,ac029;ac046;ac057;ac067;ac088;ac090;ac093;ac105;ac108,ac029,ac046;ac057;ac067;ac088,4,4000000,5,none,0,,4,0.293923250,12.819800000,12819800.000,0.249425000,0.306898000,0.307444000,0.311926000,,,,,12.819800000,12.835600000,12.821800000,12.822300000,,,,,4000000,c4cd03191a37e2ab0a18312e3ea10a15d4b24763e19caf99e913a1e0591854ee,5807747705559022008,combined,valid
11,YCSB,kvstore,CRDT,InfiniBand,293fd3d581527e0a95adf7ae535ffd82284f654d,2024524,ac029;ac046;ac057;ac067;ac088;ac090;ac093;ac105;ac108,ac029,ac046;ac057;ac067;ac088,4,4000000,15,none,0,,4,0.479020000,7.711160000,7711160.000,0.465421000,0.491513000,0.518130000,0.441016000,,,,,7.711190000,7.711170000,7.719640000,7.711160000,,,,,4000000,f1ae4192d3b738ee8ca06f15a7b137fd2938583b4b4a3df97d293976b26ac744,3170497513795109272,combined,valid
11,YCSB,kvstore,CRDT,InfiniBand,293fd3d581527e0a95adf7ae535ffd82284f654d,2024524,ac029;ac046;ac057;ac067;ac088;ac090;ac093;ac105;ac108,ac029,ac046;ac057;ac067;ac088,4,4000000,20,none,0,,4,0.534632500,6.491760000,6491760.000,0.519486000,0.498456000,0.616075000,0.504513000,,,,,6.491850000,6.491760000,6.492330000,6.496670000,,,,,4000000,afd44b0de4ea496e4beb50588546806d4993299b1cd766493410689ffdf7aca4,3313261511994493148,combined,valid
11,YCSB,kvstore,CRDT,InfiniBand,293fd3d581527e0a95adf7ae535ffd82284f654d,2024524,ac029;ac046;ac057;ac067;ac088;ac090;ac093;ac105;ac108,ac029,ac046;ac057;ac067;ac088,4,4000000,25,none,0,,4,0.586694500,6.258520000,6258520.000,0.549750000,0.580230000,0.638570000,0.578228000,,,,,6.258530000,6.258520000,6.263710000,6.259560000,,,,,4000000,ea2d6956ce043e209b6d5e725e50a6853f569097792892f9591e144bbe144c3a,4043138915692878461,combined,valid
11,YCSB,kvstore,CRDT,InfiniBand,293fd3d581527e0a95adf7ae535ffd82284f654d,2024524,ac029;ac046;ac057;ac067;ac088;ac090;ac093;ac105;ac108,ac029,ac046;ac057;ac067;ac088,4,4000000,50,none,0,,4,0.920931750,3.746630000,3746630.000,0.926029000,0.839275000,1.067150000,0.851273000,,,,,3.746630000,3.747030000,3.748210000,3.746760000,,,,,4000000,38ad09088e1f4b428c21fbb53244853629ef7231423fb85a04d2c2d2e1aa641b,7021438580347515333,combined,valid
11,YCSB,kvstore,CRDT,InfiniBand,293fd3d581527e0a95adf7ae535ffd82284f654d,2024524,ac029;ac046;ac057;ac067;ac088;ac090;ac093;ac105;ac108,ac029,ac046;ac057;ac067;ac088;ac090,5,4000000,0,none,0,,5,0.230167200,18.302000000,18302000.000,0.205520000,0.273165000,0.253870000,0.239231000,0.179050000,,,,24.323800000,18.302000000,19.691600000,20.897700000,27.920300000,,,,4000000,1cb77dfc09a6ddbbb8d38b44693e17afb32a1c1ae74ed9a30da013f70b8cb7a3,0,combined,valid
11,YCSB,kvstore,CRDT,InfiniBand,293fd3d581527e0a95adf7ae535ffd82284f654d,2024524,ac029;ac046;ac057;ac067;ac088;ac090;ac093;ac105;ac108,ac029,ac046;ac057;ac067;ac088;ac090,5,4000000,5,none,0,,5,0.349006400,12.247900000,12247900.000,0.342268000,0.368306000,0.407491000,0.323190000,0.303777000,,,,12.249000000,12.247900000,12.269100000,12.250100000,12.251100000,,,,4000000,e83656c3875caec6d121b4bf5ef8badb6ef57b0449dd699804fb50025262254f,6295740230260439431,combined,valid
11,YCSB,kvstore,CRDT,InfiniBand,293fd3d581527e0a95adf7ae535ffd82284f654d,2024524,ac029;ac046;ac057;ac067;ac088;ac090;ac093;ac105;ac108,ac029,ac046;ac057;ac067;ac088;ac090,5,4000000,15,none,0,,5,0.487038000,9.169180000,9169180.000,0.440751000,0.529563000,0.545154000,0.486023000,0.433699000,,,,9.169180000,9.175430000,9.170530000,9.172730000,9.171890000,,,,4000000,eb83ea106d9f3127b01264ea90e7643b30fe763d19d7002275c8c0ab9edac67c,10265001753431496872,combined,valid
11,YCSB,kvstore,CRDT,InfiniBand,293fd3d581527e0a95adf7ae535ffd82284f654d,2024524,ac029;ac046;ac057;ac067;ac088;ac090;ac093;ac105;ac108,ac029,ac046;ac057;ac067;ac088;ac090,5,4000000,20,none,0,,5,0.567043000,7.694450000,7694450.000,0.575840000,0.505436000,0.649141000,0.567941000,0.536857000,,,,7.696300000,7.696560000,7.702050000,7.695680000,7.694450000,,,,4000000,c16c54435dc0872c6a3c83419fc11dc21c4b2e0cea62880403f21a1fff39d0d9,4028105746475368894,combined,valid
11,YCSB,kvstore,CRDT,InfiniBand,293fd3d581527e0a95adf7ae535ffd82284f654d,2024524,ac029;ac046;ac057;ac067;ac088;ac090;ac093;ac105;ac108,ac029,ac046;ac057;ac067;ac088;ac090,5,4000000,25,none,0,,5,0.656120400,6.480900000,6480900.000,0.632709000,0.622073000,0.771434000,0.631451000,0.622935000,,,,6.481370000,6.484650000,6.481010000,6.480900000,6.481310000,,,,4000000,d278a7897af50bb82d1fea308edd6fb16573768ecaa6f94511ed5526511a1748,8055825880382512351,combined,valid
11,YCSB,kvstore,CRDT,InfiniBand,293fd3d581527e0a95adf7ae535ffd82284f654d,2024524,ac029;ac046;ac057;ac067;ac088;ac090;ac093;ac105;ac108,ac029,ac046;ac057;ac067;ac088;ac090,5,4000000,50,none,0,,5,1.122830400,3.875430000,3875430.000,1.160340000,1.050830000,1.289460000,0.991572000,1.121950000,,,,3.875530000,3.876120000,3.877470000,3.875920000,3.875430000,,,,4000000,71d8549f0dd08c95a9b26f1e9697731fb831e961fd82aaaf6d479aa4ba7b6de2,8777375745565246892,combined,valid
11,YCSB,kvstore,CRDT,InfiniBand,293fd3d581527e0a95adf7ae535ffd82284f654d,2024524,ac029;ac046;ac057;ac067;ac088;ac090;ac093;ac105;ac108,ac029,ac046;ac057;ac067;ac088;ac090;ac093,6,4000000,0,none,0,,6,0.212477000,24.843800000,24843800.000,0.189714000,0.231576000,0.241462000,0.237628000,0.178325000,0.196157000,,,31.620600000,25.905200000,24.843800000,25.245000000,33.640300000,30.581700000,,,4000000,618b2b634a82b5aa7f59eca10410d8a71394b4c361fa19b4b6f5d4fadc9c63de,0,combined,valid
11,YCSB,kvstore,CRDT,InfiniBand,293fd3d581527e0a95adf7ae535ffd82284f654d,2024524,ac029;ac046;ac057;ac067;ac088;ac090;ac093;ac105;ac108,ac029,ac046;ac057;ac067;ac088;ac090;ac093,6,4000000,5,none,0,,6,0.349825167,15.359800000,15359800.000,0.349177000,0.361090000,0.390459000,0.344901000,0.306374000,0.346950000,,,15.359800000,15.366200000,15.365000000,15.398100000,15.364900000,15.365500000,,,4000000,08c32eafeb253763f7892829aa166af39bd6a66740ea333ce9efda641ae3cddf,18398495131049563600,combined,valid
11,YCSB,kvstore,CRDT,InfiniBand,293fd3d581527e0a95adf7ae535ffd82284f654d,2024524,ac029;ac046;ac057;ac067;ac088;ac090;ac093;ac105;ac108,ac029,ac046;ac057;ac067;ac088;ac090;ac093,6,4000000,15,none,0,,6,0.532050333,9.985600000,9985600.000,0.526033000,0.594168000,0.600694000,0.538111000,0.477921000,0.455375000,,,9.986520000,9.985600000,9.987620000,10.001800000,9.986870000,9.986890000,,,4000000,dca49bdca91ee50d010f2faeb72894bdac366c486ec6066eb90c7e3ccb101c74,10392013165738840539,combined,valid
11,YCSB,kvstore,CRDT,InfiniBand,293fd3d581527e0a95adf7ae535ffd82284f654d,2024524,ac029;ac046;ac057;ac067;ac088;ac090;ac093;ac105;ac108,ac029,ac046;ac057;ac067;ac088;ac090;ac093,6,4000000,20,none,0,,6,0.665656833,7.676760000,7676760.000,0.693030000,0.686953000,0.780784000,0.635148000,0.625814000,0.572212000,,,7.676760000,7.678030000,7.684060000,7.677510000,7.676870000,7.677870000,,,4000000,b46c9b66d717d1bbe3bb57fe459a75ebae9fcdf66d8c02c0a771d35f06ebff51,4967032440495981848,combined,valid
11,YCSB,kvstore,CRDT,InfiniBand,293fd3d581527e0a95adf7ae535ffd82284f654d,2024524,ac029;ac046;ac057;ac067;ac088;ac090;ac093;ac105;ac108,ac029,ac046;ac057;ac067;ac088;ac090;ac093,6,4000000,25,none,0,,6,0.734741167,7.006200000,7006200.000,0.748606000,0.734311000,0.856102000,0.745906000,0.687313000,0.636209000,,,7.007250000,7.008150000,7.008140000,7.014660000,7.007450000,7.006200000,,,4000000,cc2e16b96239ddbe25b9f0e440bcd86786c71b45e82c76cfa4d47070aa0fd4b9,617290727773124785,combined,valid
11,YCSB,kvstore,CRDT,InfiniBand,293fd3d581527e0a95adf7ae535ffd82284f654d,2024524,ac029;ac046;ac057;ac067;ac088;ac090;ac093;ac105;ac108,ac029,ac046;ac057;ac067;ac088;ac090;ac093,6,4000000,50,none,0,,6,1.260250000,4.114310000,4114310.000,1.383420000,1.205530000,1.457220000,1.159490000,1.234430000,1.121410000,,,4.114310000,4.115590000,4.117300000,4.114900000,4.115450000,4.115800000,,,4000000,7b88bd7e938ee4c69365d70332a3198eb7d41c01e0c2fb814126daa85972680e,10965043472917369957,combined,valid
11,YCSB,kvstore,CRDT,InfiniBand,293fd3d581527e0a95adf7ae535ffd82284f654d,2024524,ac029;ac046;ac057;ac067;ac088;ac090;ac093;ac105;ac108,ac029,ac046;ac057;ac067;ac088;ac090;ac093;ac105,7,4000000,0,none,0,,7,0.240768857,25.869700000,25869700.000,0.239066000,0.233093000,0.270536000,0.242571000,0.206476000,0.252653000,0.240987000,,29.274600000,30.025500000,25.869700000,28.852500000,33.895400000,27.701000000,29.041900000,,4000000,caae448a9a9eb0114cf749d902c15410034b2f16af6ef29ed42b9bc4b0a901bc,0,combined,valid
11,YCSB,kvstore,CRDT,InfiniBand,293fd3d581527e0a95adf7ae535ffd82284f654d,2024524,ac029;ac046;ac057;ac067;ac088;ac090;ac093;ac105;ac108,ac029,ac046;ac057;ac067;ac088;ac090;ac093;ac105,7,4000000,5,none,0,,7,0.373937143,16.454000000,16454000.000,0.377128000,0.397173000,0.425166000,0.357512000,0.340328000,0.365339000,0.354914000,,16.454000000,16.486800000,16.462300000,16.460600000,16.461200000,16.464100000,16.459600000,,4000000,0fe3179cc6375169d510c0e1b7d77e8afb521df0b5871a5ce9a31222187be22b,17801240233773164067,combined,valid
11,YCSB,kvstore,CRDT,InfiniBand,293fd3d581527e0a95adf7ae535ffd82284f654d,2024524,ac029;ac046;ac057;ac067;ac088;ac090;ac093;ac105;ac108,ac029,ac046;ac057;ac067;ac088;ac090;ac093;ac105,7,4000000,15,none,0,,7,0.572642143,10.779800000,10779800.000,0.569038000,0.633836000,0.649202000,0.572146000,0.523156000,0.468867000,0.592250000,,10.779800000,10.780900000,10.781600000,10.797300000,10.783900000,10.783200000,10.781000000,,4000000,79c356a745d6fe4ff8937a35d14cc90e130ee1d48bb89de6c3cacd62394943f4,4410877015227743784,combined,valid
11,YCSB,kvstore,CRDT,InfiniBand,293fd3d581527e0a95adf7ae535ffd82284f654d,2024524,ac029;ac046;ac057;ac067;ac088;ac090;ac093;ac105;ac108,ac029,ac046;ac057;ac067;ac088;ac090;ac093;ac105,7,4000000,20,none,0,,7,0.720391571,8.712770000,8712770.000,0.761284000,0.755287000,0.803213000,0.691967000,0.682145000,0.656410000,0.692435000,,8.712770000,8.719610000,8.714480000,8.712930000,8.715770000,8.713950000,8.713700000,,4000000,a1a64579d3f24bcd5dea8df1722a63d163b3c528a18abade80c0ccf260192e7a,16353869604825033135,combined,valid
11,YCSB,kvstore,CRDT,InfiniBand,293fd3d581527e0a95adf7ae535ffd82284f654d,2024524,ac029;ac046;ac057;ac067;ac088;ac090;ac093;ac105;ac108,ac029,ac046;ac057;ac067;ac088;ac090;ac093;ac105,7,4000000,25,none,0,,7,0.838963571,7.352010000,7352010.000,0.909453000,0.824815000,0.951607000,0.795226000,0.809808000,0.766053000,0.815783000,,7.352010000,7.358260000,7.355590000,7.353400000,7.353910000,7.354940000,7.353320000,,4000000,603e39b981f3753459cfaf1ea464d68088352b61b0816aa60bb02595c63ad0b9,4495711545038890671,combined,valid
11,YCSB,kvstore,CRDT,InfiniBand,293fd3d581527e0a95adf7ae535ffd82284f654d,2024524,ac029;ac046;ac057;ac067;ac088;ac090;ac093;ac105;ac108,ac029,ac046;ac057;ac067;ac088;ac090;ac093;ac105,7,4000000,50,none,0,,7,1.355837143,4.438560000,4438560.000,1.542110000,1.302530000,1.576120000,1.281310000,1.375600000,1.139780000,1.273410000,,4.438680000,4.439440000,4.441130000,4.439040000,4.438930000,4.438560000,4.439280000,,4000000,60c5834657346804a24f8f4cfa0aeb1ccf3f2e69d43e4694d06bde4c6766e3ad,13193155638391492014,combined,valid
11,YCSB,kvstore,CRDT,InfiniBand,293fd3d581527e0a95adf7ae535ffd82284f654d,2024524,ac029;ac046;ac057;ac067;ac088;ac090;ac093;ac105;ac108,ac029,ac046;ac057;ac067;ac088;ac090;ac093;ac105;ac108,8,4000000,0,none,0,,8,0.234361500,28.520700000,28520700.000,0.236780000,0.234312000,0.280416000,0.239636000,0.202788000,0.251882000,0.242542000,0.186536000,33.778400000,34.135500000,28.520700000,33.377600000,39.439200000,31.753100000,32.976900000,42.875700000,4000000,ce64b487b50a13762261f1a58b4d7cf6ba2a98cd6b0dd0381bc7f153d7a9d87b,0,combined,valid
11,YCSB,kvstore,CRDT,InfiniBand,293fd3d581527e0a95adf7ae535ffd82284f654d,2024524,ac029;ac046;ac057;ac067;ac088;ac090;ac093;ac105;ac108,ac029,ac046;ac057;ac067;ac088;ac090;ac093;ac105;ac108,8,4000000,5,none,0,,8,0.368242750,19.316100000,19316100.000,0.369176000,0.413800000,0.408140000,0.372546000,0.337472000,0.352292000,0.376952000,0.315564000,19.330900000,19.329900000,19.316100000,19.330200000,19.328400000,19.321100000,19.429700000,19.328400000,4000000,15a10dd159ee98739377f5428a141abeaed739efeae7d3a11d03636955802855,8362266061649605137,combined,valid
11,YCSB,kvstore,CRDT,InfiniBand,293fd3d581527e0a95adf7ae535ffd82284f654d,2024524,ac029;ac046;ac057;ac067;ac088;ac090;ac093;ac105;ac108,ac029,ac046;ac057;ac067;ac088;ac090;ac093;ac105;ac108,8,4000000,15,none,0,,8,0.677046250,9.000900000,9000900.000,0.729572000,0.681756000,0.888426000,0.623794000,0.695096000,0.647142000,0.631400000,0.519184000,9.003090000,9.000900000,9.003860000,9.004060000,9.002700000,9.002910000,9.025700000,9.004590000,4000000,ffd42c20e2e42065d6fd666d48703d0bb7bc8c00114c45a9af75b2df8a61e443,13047351217670671944,combined,valid
11,YCSB,kvstore,CRDT,InfiniBand,293fd3d581527e0a95adf7ae535ffd82284f654d,2024524,ac029;ac046;ac057;ac067;ac088;ac090;ac093;ac105;ac108,ac029,ac046;ac057;ac067;ac088;ac090;ac093;ac105;ac108,8,4000000,20,none,0,,8,0.739065500,9.198680000,9198680.000,0.778884000,0.728294000,0.869496000,0.746802000,0.756838000,0.606880000,0.788664000,0.636666000,9.198680000,9.199860000,9.200180000,9.200220000,9.199760000,9.199290000,9.199780000,9.229310000,4000000,34c862b064e45f98ec03ca42dcaaba01709b4923339e6408cdf6ddbbcdf83f5a,6202809173203271710,combined,valid
11,YCSB,kvstore,CRDT,InfiniBand,293fd3d581527e0a95adf7ae535ffd82284f654d,2024524,ac029;ac046;ac057;ac067;ac088;ac090;ac093;ac105;ac108,ac029,ac046;ac057;ac067;ac088;ac090;ac093;ac105;ac108,8,4000000,25,none,0,,8,0.917049000,7.384910000,7384910.000,1.011260000,0.924938000,1.083030000,0.859606000,0.964072000,0.848600000,0.884642000,0.760244000,7.385910000,7.386670000,7.386220000,7.385870000,7.385610000,7.384910000,7.400720000,7.386180000,4000000,f68ce49a1d134dcdec82c6d5e69ab7bcaa8fcbaaa27bf00db7510f93117463df,8586864553060117768,combined,valid
11,YCSB,kvstore,CRDT,InfiniBand,293fd3d581527e0a95adf7ae535ffd82284f654d,2024524,ac029;ac046;ac057;ac067;ac088;ac090;ac093;ac105;ac108,ac029,ac046;ac057;ac067;ac088;ac090;ac093;ac105;ac108,8,4000000,50,none,0,,8,1.474048750,4.626820000,4626820.000,1.721530000,1.348450000,1.728820000,1.388100000,1.555300000,1.308320000,1.439430000,1.302440000,4.626940000,4.626820000,4.627270000,4.627470000,4.627150000,4.627250000,4.632620000,4.627050000,4000000,223ee4ac27b84d3ba5fea3578a97c1cf0e9fc2cfc8874866ac7eae6c9e12c9cd,7212856957643695273,combined,valid
11,SmallBank,smallbank,WRDT,InfiniBand,293fd3d581527e0a95adf7ae535ffd82284f654d,2024524,ac029;ac046;ac057;ac067;ac088;ac090;ac093;ac105;ac108,ac029,ac046;ac057;ac067,3,4000000,0,none,0,,3,0.203791667,12.133100000,12133100.000,0.172386000,0.203025000,0.235964000,,,,,,14.346800000,12.133100000,13.384300000,,,,,,4000000,cb1c6b45768a51dda959708120068d62c694e514855c2b5deb237e04f96e9734,18003148058491299341,split,valid
11,SmallBank,smallbank,WRDT,InfiniBand,293fd3d581527e0a95adf7ae535ffd82284f654d,2024524,ac029;ac046;ac057;ac067;ac088;ac090;ac093;ac105;ac108,ac029,ac046;ac057;ac067,3,4000000,5,none,0,,3,0.260472000,9.620540000,9620540.000,0.271055000,0.277143000,0.233218000,,,,,,9.624550000,9.620540000,9.623320000,,,,,,4000000,5ac5d13e7cb6051ac227b4ad26fd252ebc618621f3e400edac42aca87c49c6a1,6577398278397598412,split,valid
11,SmallBank,smallbank,WRDT,InfiniBand,293fd3d581527e0a95adf7ae535ffd82284f654d,2024524,ac029;ac046;ac057;ac067;ac088;ac090;ac093;ac105;ac108,ac029,ac046;ac057;ac067,3,4000000,15,none,0,,3,0.346674333,5.616870000,5616870.000,0.437586000,0.295433000,0.307004000,,,,,,5.618300000,5.616870000,5.620460000,,,,,,4000000,ebc7d0b30012f97d130fef00231df77accbfb53759f7635c87d51ec7258a4302,5276419287549414432,split,valid
11,SmallBank,smallbank,WRDT,InfiniBand,293fd3d581527e0a95adf7ae535ffd82284f654d,2024524,ac029;ac046;ac057;ac067;ac088;ac090;ac093;ac105;ac108,ac029,ac046;ac057;ac067,3,4000000,20,none,0,,3,0.412096333,4.747470000,4747470.000,0.530782000,0.349245000,0.356262000,,,,,,4.748060000,4.749100000,4.747470000,,,,,,4000000,49b96c2edddddb861defbf3053e032f5094d149d689bc165d167f71f168369da,2752991449581996742,split,valid
11,SmallBank,smallbank,WRDT,InfiniBand,293fd3d581527e0a95adf7ae535ffd82284f654d,2024524,ac029;ac046;ac057;ac067;ac088;ac090;ac093;ac105;ac108,ac029,ac046;ac057;ac067,3,4000000,25,none,0,,3,0.461088667,4.083810000,4083810.000,0.614106000,0.380833000,0.388327000,,,,,,4.084190000,4.187970000,4.083810000,,,,,,4000000,f3cc16a81f590fb7c8726e0cd77a3e3687a46522a90fc334027c802250be50dd,10582841289347709463,split,valid
11,SmallBank,smallbank,WRDT,InfiniBand,293fd3d581527e0a95adf7ae535ffd82284f654d,2024524,ac029;ac046;ac057;ac067;ac088;ac090;ac093;ac105;ac108,ac029,ac046;ac057;ac067,3,4000000,50,none,0,,3,0.732912000,2.427700000,2427700.000,1.075300000,0.540923000,0.582513000,,,,,,2.427700000,2.428210000,2.427700000,,,,,,4000000,f9f73b191835e94bd4fee031a31560697a1fb52a4f042fb6d5b9dac313ad4c19,562955678669907035,split,valid
11,SmallBank,smallbank,WRDT,InfiniBand,293fd3d581527e0a95adf7ae535ffd82284f654d,2024524,ac029;ac046;ac057;ac067;ac088;ac090;ac093;ac105;ac108,ac029,ac046;ac057;ac067;ac088,4,4000000,0,none,0,,4,0.185068500,15.189400000,15189400.000,0.173941000,0.188963000,0.188660000,0.188710000,,,,,17.185800000,15.423400000,15.189400000,17.579800000,,,,,4000000,230a0c208897ddfb3004abbec3bfb4f11ba95e8defe276cf1a37006498b7cbcb,18003148058491299341,split,valid
11,SmallBank,smallbank,WRDT,InfiniBand,293fd3d581527e0a95adf7ae535ffd82284f654d,2024524,ac029;ac046;ac057;ac067;ac088;ac090;ac093;ac105;ac108,ac029,ac046;ac057;ac067;ac088,4,4000000,5,none,0,,4,0.258833750,10.715800000,10715800.000,0.320117000,0.242908000,0.241023000,0.231287000,,,,,10.721800000,10.716300000,10.715800000,10.718700000,,,,,4000000,e0b78148d520f87976bac385c8d6c2b978593b631a1c185b32ea56044d868f1c,6577398278397598412,split,valid
11,SmallBank,smallbank,WRDT,InfiniBand,293fd3d581527e0a95adf7ae535ffd82284f654d,2024524,ac029;ac046;ac057;ac067;ac088;ac090;ac093;ac105;ac108,ac029,ac046;ac057;ac067;ac088,4,4000000,15,none,0,,4,0.426363250,5.829780000,5829780.000,0.745844000,0.298208000,0.344103000,0.317298000,,,,,5.830860000,5.830330000,5.829780000,5.829860000,,,,,4000000,e318942429d954c83d9ca5b18072b242291169025a5c7aba278815636e24514f,5276419287549414432,split,valid
11,SmallBank,smallbank,WRDT,InfiniBand,293fd3d581527e0a95adf7ae535ffd82284f654d,2024524,ac029;ac046;ac057;ac067;ac088;ac090;ac093;ac105;ac108,ac029,ac046;ac057;ac067;ac088,4,4000000,20,none,0,,4,0.471076000,4.703750000,4703750.000,0.753150000,0.379362000,0.400603000,0.351189000,,,,,4.704190000,4.703930000,4.703750000,4.987660000,,,,,4000000,fef801944403f6bacc87b655dfa3899ac057fac1284849787ca37231f4b82e60,2752991449581996742,split,valid
11,SmallBank,smallbank,WRDT,InfiniBand,293fd3d581527e0a95adf7ae535ffd82284f654d,2024524,ac029;ac046;ac057;ac067;ac088;ac090;ac093;ac105;ac108,ac029,ac046;ac057;ac067;ac088,4,4000000,25,none,0,,4,0.541959000,3.843590000,3843590.000,0.929291000,0.398923000,0.426718000,0.412904000,,,,,3.844070000,3.843970000,3.845950000,3.843590000,,,,,4000000,a4ceea97a964107e7be7aca8c95e457d136a66f0f91a8f8162aeb9c4df4a2976,10582841289347709463,split,valid
11,SmallBank,smallbank,WRDT,InfiniBand,293fd3d581527e0a95adf7ae535ffd82284f654d,2024524,ac029;ac046;ac057;ac067;ac088;ac090;ac093;ac105;ac108,ac029,ac046;ac057;ac067;ac088,4,4000000,50,none,0,,4,0.932633750,2.223810000,2223810.000,1.695510000,0.730903000,0.687467000,0.616655000,,,,,2.223890000,2.224000000,2.223810000,2.223990000,,,,,4000000,a09ef70cd96c0d082d21c7b726eafa6625963ce38e18b7e26271612c9d588241,562955678669907035,split,valid
11,SmallBank,smallbank,WRDT,InfiniBand,293fd3d581527e0a95adf7ae535ffd82284f654d,2024524,ac029;ac046;ac057;ac067;ac088;ac090;ac093;ac105;ac108,ac029,ac046;ac057;ac067;ac088;ac090,5,4000000,0,none,0,,5,0.186570200,21.344900000,21344900.000,0.176821000,0.214117000,0.182821000,0.190498000,0.168594000,,,,24.375400000,21.344900000,23.067700000,21.401800000,24.546800000,,,,4000000,21ee71f48de53c73350aa1f7529ab2cf2a883583401b316c5878f96eeb20bcd7,18003148058491299341,split,valid
11,SmallBank,smallbank,WRDT,InfiniBand,293fd3d581527e0a95adf7ae535ffd82284f654d,2024524,ac029;ac046;ac057;ac067;ac088;ac090;ac093;ac105;ac108,ac029,ac046;ac057;ac067;ac088;ac090,5,4000000,5,none,0,,5,0.284957200,10.162800000,10162800.000,0.436736000,0.276072000,0.242360000,0.244020000,0.225598000,,,,10.165800000,11.811200000,10.234100000,10.163800000,10.162800000,,,,4000000,e0c2ecea55f93cdceb535a9b901c6efba906ca86f58aa6aed6e536feb283645e,6577398278397598412,split,valid
11,SmallBank,smallbank,WRDT,InfiniBand,293fd3d581527e0a95adf7ae535ffd82284f654d,2024524,ac029;ac046;ac057;ac067;ac088;ac090;ac093;ac105;ac108,ac029,ac046;ac057;ac067;ac088;ac090,5,4000000,15,none,0,,5,0.460626000,5.279940000,5279940.000,0.913873000,0.341147000,0.365245000,0.345757000,0.337108000,,,,5.279940000,5.429520000,5.280850000,5.281320000,5.280130000,,,,4000000,46f27673e6185c151d38529fd76afea31db6b649ee08af61a2da137a50e59ff3,5276419287549414432,split,valid
11,SmallBank,smallbank,WRDT,InfiniBand,293fd3d581527e0a95adf7ae535ffd82284f654d,2024524,ac029;ac046;ac057;ac067;ac088;ac090;ac093;ac105;ac108,ac029,ac046;ac057;ac067;ac088;ac090,5,4000000,20,none,0,,5,0.531198400,4.328470000,4328470.000,1.074240000,0.360668000,0.423703000,0.410262000,0.387119000,,,,4.329030000,4.328470000,4.394050000,4.328540000,4.328930000,,,,4000000,9289137470af7f1a978974e2bc4eac0c330edda1b5f52f2764feef62f64e756d,2752991449581996742,split,valid
11,SmallBank,smallbank,WRDT,InfiniBand,293fd3d581527e0a95adf7ae535ffd82284f654d,2024524,ac029;ac046;ac057;ac067;ac088;ac090;ac093;ac105;ac108,ac029,ac046;ac057;ac067;ac088;ac090,5,4000000,25,none,0,,5,0.688738400,3.601880000,3601880.000,1.335390000,0.647282000,0.527876000,0.471028000,0.462116000,,,,3.602970000,3.602100000,3.602040000,3.602330000,3.601880000,,,,4000000,e5e0136403abb2510e8c6867c9647088187c0b186df2b2d0aa595345a5a336b2,10582841289347709463,split,valid
11,SmallBank,smallbank,WRDT,InfiniBand,293fd3d581527e0a95adf7ae535ffd82284f654d,2024524,ac029;ac046;ac057;ac067;ac088;ac090;ac093;ac105;ac108,ac029,ac046;ac057;ac067;ac088;ac090,5,4000000,50,none,0,,5,1.032663800,1.926490000,1926490.000,2.028050000,0.848836000,0.689855000,0.791989000,0.804589000,,,,1.926590000,1.926490000,1.926510000,1.926490000,1.926520000,,,,4000000,91d543ff5605833fa186dfe0d47f7c2ec32a958ad5f7e49fec4edc764ca6195a,562955678669907035,split,valid
11,SmallBank,smallbank,WRDT,InfiniBand,293fd3d581527e0a95adf7ae535ffd82284f654d,2024524,ac029;ac046;ac057;ac067;ac088;ac090;ac093;ac105;ac108,ac029,ac046;ac057;ac067;ac088;ac090;ac093,6,4000000,0,none,0,,6,0.193494500,19.811900000,19811900.000,0.174811000,0.266851000,0.181731000,0.193581000,0.168833000,0.175160000,,,28.254000000,19.811900000,26.926600000,25.579500000,29.543600000,27.970900000,,,4000000,5586c64747f0547e091f0568292b2ddd6160e45fbc8efadb869aff89bcb5459a,18003148058491299341,split,valid
11,SmallBank,smallbank,WRDT,InfiniBand,293fd3d581527e0a95adf7ae535ffd82284f654d,2024524,ac029;ac046;ac057;ac067;ac088;ac090;ac093;ac105;ac108,ac029,ac046;ac057;ac067;ac088;ac090;ac093,6,4000000,5,none,0,,6,0.311815667,10.122800000,10122800.000,0.527404000,0.333264000,0.259821000,0.263883000,0.237598000,0.248924000,,,10.126100000,10.125500000,10.122800000,10.125900000,10.123900000,10.153300000,,,4000000,b6496b5bd0d0f73576f7a14850c7c0e436be143389940ba62963bf3f5866cc4a,6577398278397598412,split,valid
11,SmallBank,smallbank,WRDT,InfiniBand,293fd3d581527e0a95adf7ae535ffd82284f654d,2024524,ac029;ac046;ac057;ac067;ac088;ac090;ac093;ac105;ac108,ac029,ac046;ac057;ac067;ac088;ac090;ac093,6,4000000,15,none,0,,6,0.618607000,4.860260000,4860260.000,1.231700000,0.995181000,0.411134000,0.350386000,0.382265000,0.340976000,,,4.861180000,4.861150000,4.860260000,4.860300000,4.860880000,4.867660000,,,4000000,c4bfcf50a1ce33e828bca5de7834a9e7a81d07d8e13c2f3cb63dc55ef4fcb3b8,5276419287549414432,split,valid
11,SmallBank,smallbank,WRDT,InfiniBand,293fd3d581527e0a95adf7ae535ffd82284f654d,2024524,ac029;ac046;ac057;ac067;ac088;ac090;ac093;ac105;ac108,ac029,ac046;ac057;ac067;ac088;ac090;ac093,6,4000000,20,none,0,,6,0.628261333,3.724380000,3724380.000,1.542920000,0.444365000,0.501107000,0.434505000,0.423524000,0.423147000,,,3.724590000,3.759720000,3.724780000,3.724380000,3.724540000,3.728440000,,,4000000,083bf8cb42d0eade14879e083e2f3cec149befde17f87597fbddfa7111ca2c19,2752991449581996742,split,valid
11,SmallBank,smallbank,WRDT,InfiniBand,293fd3d581527e0a95adf7ae535ffd82284f654d,2024524,ac029;ac046;ac057;ac067;ac088;ac090;ac093;ac105;ac108,ac029,ac046;ac057;ac067;ac088;ac090;ac093,6,4000000,25,none,0,,6,0.809417500,3.119480000,3119480.000,1.860990000,0.907388000,0.564183000,0.536965000,0.518714000,0.468265000,,,3.119700000,3.119480000,3.119600000,3.119580000,3.119690000,3.123270000,,,4000000,8b0c3ed24b4e1de5c19f35aa354ddce9081a954d6e415c6066524b744b0bf925,10582841289347709463,split,valid
11,SmallBank,smallbank,WRDT,InfiniBand,293fd3d581527e0a95adf7ae535ffd82284f654d,2024524,ac029;ac046;ac057;ac067;ac088;ac090;ac093;ac105;ac108,ac029,ac046;ac057;ac067;ac088;ac090;ac093,6,4000000,50,none,0,,6,1.317371500,1.601230000,1601230.000,2.451420000,1.732330000,1.022870000,0.852809000,0.944649000,0.900151000,,,1.601240000,1.601240000,1.601250000,1.601240000,1.601230000,1.601260000,,,4000000,1420f81146e5a582a4a6484008d6a47bca87b06d03eb660f0f6e0dfcc9dae68c,562955678669907035,split,valid
11,SmallBank,smallbank,WRDT,InfiniBand,293fd3d581527e0a95adf7ae535ffd82284f654d,2024524,ac029;ac046;ac057;ac067;ac088;ac090;ac093;ac105;ac108,ac029,ac046;ac057;ac067;ac088;ac090;ac093;ac105,7,4000000,0,none,0,,7,0.192018286,23.065800000,23065800.000,0.174465000,0.267892000,0.185579000,0.180122000,0.169006000,0.175966000,0.191098000,,33.822100000,23.065800000,34.028700000,31.729200000,34.780800000,33.804900000,30.166800000,,4000000,42c6449d4737439c1053697bb8b58296bd8a598826454d801a393f6d40d6f39a,18003148058491299341,split,valid
11,SmallBank,smallbank,WRDT,InfiniBand,293fd3d581527e0a95adf7ae535ffd82284f654d,2024524,ac029;ac046;ac057;ac067;ac088;ac090;ac093;ac105;ac108,ac029,ac046;ac057;ac067;ac088;ac090;ac093;ac105,7,4000000,5,none,0,,7,0.307864000,10.458000000,10458000.000,0.616898000,0.243387000,0.252759000,0.251860000,0.250681000,0.241345000,0.298118000,,10.461400000,10.459300000,10.458000000,10.459400000,10.461000000,10.489700000,10.459900000,,4000000,4844ada804939322f69dc2b8e032fd3344cb59f12559a7725efae8756b53bba5,6577398278397598412,split,valid
11,SmallBank,smallbank,WRDT,InfiniBand,293fd3d581527e0a95adf7ae535ffd82284f654d,2024524,ac029;ac046;ac057;ac067;ac088;ac090;ac093;ac105;ac108,ac029,ac046;ac057;ac067;ac088;ac090;ac093;ac105,7,4000000,15,none,0,,7,0.625526429,4.539790000,4539790.000,1.561960000,0.748298000,0.441104000,0.388624000,0.422583000,0.392564000,0.423552000,,4.540540000,4.541030000,4.539790000,4.540620000,4.540540000,4.545200000,4.540020000,,4000000,b00f6ba90f72771191fc411a8f6bdf7d71566e4de34c1c818cd41a35bc089f0f,5276419287549414432,split,valid
11,SmallBank,smallbank,WRDT,InfiniBand,293fd3d581527e0a95adf7ae535ffd82284f654d,2024524,ac029;ac046;ac057;ac067;ac088;ac090;ac093;ac105;ac108,ac029,ac046;ac057;ac067;ac088;ac090;ac093;ac105,7,4000000,20,none,0,,7,0.761199429,3.473740000,3473740.000,1.973630000,0.937228000,0.519553000,0.445002000,0.482162000,0.462546000,0.508275000,,3.474160000,3.473970000,3.473980000,3.473900000,3.473740000,3.474080000,3.474200000,,4000000,0a36554057b52a11e95c44b83878051bb193a56587ba365afce2cbef4d716bb4,2752991449581996742,split,valid
11,SmallBank,smallbank,WRDT,InfiniBand,293fd3d581527e0a95adf7ae535ffd82284f654d,2024524,ac029;ac046;ac057;ac067;ac088;ac090;ac093;ac105;ac108,ac029,ac046;ac057;ac067;ac088;ac090;ac093;ac105,7,4000000,25,none,0,,7,0.894090143,2.837350000,2837350.000,2.397300000,1.052140000,0.599830000,0.517295000,0.597123000,0.519479000,0.575464000,,2.864270000,2.837650000,2.837500000,2.837510000,2.837580000,2.839970000,2.837350000,,4000000,c2f23927d7d03380f5cb267db22319547e56e32bbe808fe78701b726fd0e6e3a,10582841289347709463,split,valid
11,SmallBank,smallbank,WRDT,InfiniBand,293fd3d581527e0a95adf7ae535ffd82284f654d,2024524,ac029;ac046;ac057;ac067;ac088;ac090;ac093;ac105;ac108,ac029,ac046;ac057;ac067;ac088;ac090;ac093;ac105,7,4000000,50,none,0,,7,1.471505714,1.450170000,1450170.000,2.741140000,1.960120000,1.192190000,1.119770000,1.155820000,1.022680000,1.108820000,,1.450270000,1.450170000,1.450260000,1.450290000,1.450240000,1.450270000,1.450230000,,4000000,71fdf393dd9140218a86ecfe64e42f1c03f435ec6af4a7160146dd0a3270d8e6,562955678669907035,split,valid
11,SmallBank,smallbank,WRDT,InfiniBand,293fd3d581527e0a95adf7ae535ffd82284f654d,2024524,ac029;ac046;ac057;ac067;ac088;ac090;ac093;ac105;ac108,ac029,ac046;ac057;ac067;ac088;ac090;ac093;ac105;ac108,8,4000000,0,none,0,,8,0.187130500,25.468900000,25468900.000,0.173176000,0.268257000,0.170349000,0.182305000,0.168245000,0.174882000,0.192032000,0.167798000,38.492600000,25.468900000,39.209200000,36.707000000,40.436700000,38.092000000,35.697700000,39.421700000,4000000,862c827036de40d5207baa9e99890937c723e3d9b609b4080b6d79bc488a9eb3,18003148058491299341,split,valid
11,SmallBank,smallbank,WRDT,InfiniBand,293fd3d581527e0a95adf7ae535ffd82284f654d,2024524,ac029;ac046;ac057;ac067;ac088;ac090;ac093;ac105;ac108,ac029,ac046;ac057;ac067;ac088;ac090;ac093;ac105;ac108,8,4000000,5,none,0,,8,0.372094500,9.652460000,9652460.000,0.793114000,0.538568000,0.318556000,0.261473000,0.271347000,0.258913000,0.283358000,0.251427000,9.654960000,9.661040000,9.653560000,9.655610000,9.656100000,9.652460000,9.655490000,9.653000000,4000000,007ec50e46e3dba0c724b4325cdf7d6a6ff3df28403520e6c0a191887ee9c368,6577398278397598412,split,valid
11,SmallBank,smallbank,WRDT,InfiniBand,293fd3d581527e0a95adf7ae535ffd82284f654d,2024524,ac029;ac046;ac057;ac067;ac088;ac090;ac093;ac105;ac108,ac029,ac046;ac057;ac067;ac088;ac090;ac093;ac105;ac108,8,4000000,15,none,0,,8,0.654369625,4.068840000,4068840.000,1.882760000,0.555614000,0.570943000,0.439181000,0.480235000,0.433458000,0.484679000,0.388087000,4.069620000,4.070200000,4.069670000,4.069520000,4.069540000,4.069130000,4.068840000,4.069390000,4000000,f9e55d88e6cf42f08349c898897149125b2c82633cc7469954da57c38debf464,5276419287549414432,split,valid
11,SmallBank,smallbank,WRDT,InfiniBand,293fd3d581527e0a95adf7ae535ffd82284f654d,2024524,ac029;ac046;ac057;ac067;ac088;ac090;ac093;ac105;ac108,ac029,ac046;ac057;ac067;ac088;ac090;ac093;ac105;ac108,8,4000000,20,none,0,,8,0.795046500,3.279160000,3279160.000,2.604470000,0.413518000,0.667486000,0.516857000,0.602530000,0.486515000,0.580617000,0.488379000,3.279200000,3.279630000,3.279390000,3.279210000,3.279160000,3.279350000,3.279170000,3.279330000,4000000,b9f5abf546b173e8cc882869ce47bc27cdf43714035c24fa00c09bc8cf372177,2752991449581996742,split,valid
11,SmallBank,smallbank,WRDT,InfiniBand,293fd3d581527e0a95adf7ae535ffd82284f654d,2024524,ac029;ac046;ac057;ac067;ac088;ac090;ac093;ac105;ac108,ac029,ac046;ac057;ac067;ac088;ac090;ac093;ac105;ac108,8,4000000,25,none,0,,8,1.002282000,2.516860000,2516860.000,3.187440000,0.854757000,0.844726000,0.615860000,0.675995000,0.571320000,0.711691000,0.556467000,2.517000000,2.517440000,2.517110000,2.517040000,2.517110000,2.517100000,2.516860000,2.517220000,4000000,5aad165ffb9e7fce33909adff1079077f0a5f15b9a6261954dcba5989b0fc9d3,10582841289347709463,split,valid
11,SmallBank,smallbank,WRDT,InfiniBand,293fd3d581527e0a95adf7ae535ffd82284f654d,2024524,ac029;ac046;ac057;ac067;ac088;ac090;ac093;ac105;ac108,ac029,ac046;ac057;ac067;ac088;ac090;ac093;ac105;ac108,8,4000000,50,none,0,,8,1.615720000,1.324060000,1324060.000,3.099500000,1.922560000,1.635590000,1.222840000,1.390270000,1.255070000,1.311940000,1.087990000,1.324060000,1.324170000,1.324100000,1.324090000,1.324120000,1.324160000,1.324210000,1.324180000,4000000,0e20d0066e0b72cbc0d0ca78f5b6ef9531d339c29121516939e406bb045e391d,562955678669907035,split,valid
14,Account follower-failure,account,WRDT,InfiniBand,c9d46134fd57a617706c703e406ac142e67e40c8,2033631,ac030;ac037;ac044;ac107;ac108,ac030,ac037;ac044;ac107;ac108,4,4000000,15,follower-failure,2,process-stop-after-half-local-operations,3,0.271204000,6.318240000,6318240.000,0.454539000,,0.149632000,0.209441000,,,,,6.318240000,,6.320730000,6.318910000,,,,,4000000,ed201e10eeefddee1d1f250e9d31e5d4acf6960665e74121c0cf6e69357ebbb7,117121267474849683,split,valid
14,Account follower-failure,account,WRDT,InfiniBand,c9d46134fd57a617706c703e406ac142e67e40c8,2033631,ac030;ac037;ac044;ac107;ac108,ac030,ac037;ac044;ac107;ac108,4,4000000,20,follower-failure,2,process-stop-after-half-local-operations,3,0.350010000,6.492380000,6492380.000,0.601933000,,0.221309000,0.226788000,,,,,6.494550000,,6.492380000,6.493940000,,,,,4000000,703f81374705a8a9b237146adf4788589ffa74d3d11de9b049017327187a8b6f,13283194657606649361,split,valid
14,Account follower-failure,account,WRDT,InfiniBand,c9d46134fd57a617706c703e406ac142e67e40c8,2033631,ac030;ac037;ac044;ac107;ac108,ac030,ac037;ac044;ac107;ac108,4,4000000,25,follower-failure,2,process-stop-after-half-local-operations,3,0.406500667,5.295440000,5295440.000,0.701463000,,0.248212000,0.269827000,,,,,5.297340000,,5.296010000,5.295440000,,,,,4000000,92214968e6992fb7b19b58e2e31f27370320f74e598f863978f570de91b772f4,1829149913114650155,split,valid
14,Account leader-failure,account,WRDT,InfiniBand,c9d46134fd57a617706c703e406ac142e67e40c8,2033631,ac030;ac037;ac044;ac107;ac108,ac030,ac037;ac044;ac107;ac108,4,4000000,15,leader-failure,1,leader-heartbeat-and-request-stop-after-half-local-operations,3,0.192113000,0.736188000,736188.000,,0.245309000,0.148643000,0.182387000,,,,,,0.736206000,0.736213000,0.736188000,,,,,4000000,ed201e10eeefddee1d1f250e9d31e5d4acf6960665e74121c0cf6e69357ebbb7,117121267474849683,split,valid
14,Account leader-failure,account,WRDT,InfiniBand,c9d46134fd57a617706c703e406ac142e67e40c8,2033631,ac030;ac037;ac044;ac107;ac108,ac030,ac037;ac044;ac107;ac108,4,4000000,20,leader-failure,1,leader-heartbeat-and-request-stop-after-half-local-operations,3,0.246573667,0.709543000,709543.000,,0.295500000,0.191199000,0.253022000,,,,,,0.709653000,0.709686000,0.709543000,,,,,4000000,703f81374705a8a9b237146adf4788589ffa74d3d11de9b049017327187a8b6f,13283194657606649361,split,valid
14,Account leader-failure,account,WRDT,InfiniBand,c9d46134fd57a617706c703e406ac142e67e40c8,2033631,ac030;ac037;ac044;ac107;ac108,ac030,ac037;ac044;ac107;ac108,4,4000000,25,leader-failure,1,leader-heartbeat-and-request-stop-after-half-local-operations,3,0.280059000,0.718141000,718141.000,,0.363000000,0.204104000,0.273073000,,,,,,0.718141000,0.718195000,0.718147000,,,,,4000000,92214968e6992fb7b19b58e2e31f27370320f74e598f863978f570de91b772f4,1829149913114650155,split,valid
14,2P-Set replica-failure,twopset,CRDT,InfiniBand,c9d46134fd57a617706c703e406ac142e67e40c8,2033631,ac030;ac037;ac044;ac107;ac108,ac030,ac037;ac044;ac107;ac108,4,4000000,15,replica-failure,1,process-stop-after-half-local-operations,3,0.348909000,8.008020000,8008020.000,,0.332850000,0.317293000,0.396584000,,,,,,8.010610000,8.008020000,8.020450000,,,,,4000000,68946e038083746ad4004bcb781279439df1b6966f5d4ba745e3da26cc0ec146,4865678677243008054,combined,valid
14,2P-Set replica-failure,twopset,CRDT,InfiniBand,c9d46134fd57a617706c703e406ac142e67e40c8,2033631,ac030;ac037;ac044;ac107;ac108,ac030,ac037;ac044;ac107;ac108,4,4000000,20,replica-failure,1,process-stop-after-half-local-operations,3,0.439940333,6.321700000,6321700.000,,0.421471000,0.369430000,0.528920000,,,,,,6.326440000,6.321700000,6.322750000,,,,,4000000,757d6ce74767ddf4dcccfaadb2ebee030a069c43f2956d1c5299599b968c05b6,2145364299168620076,combined,valid
14,2P-Set replica-failure,twopset,CRDT,InfiniBand,c9d46134fd57a617706c703e406ac142e67e40c8,2033631,ac030;ac037;ac044;ac107;ac108,ac030,ac037;ac044;ac107;ac108,4,4000000,25,replica-failure,1,process-stop-after-half-local-operations,3,0.543111333,5.153740000,5153740.000,,0.517231000,0.490689000,0.621414000,,,,,,5.155300000,5.153740000,5.158570000,,,,,4000000,ef1f2dd54b5a4ab78b07a9f4afe9b07f7487ac582d7bf0269cc7cb50bf474758,2066860298982049476,combined,valid
